-- MySQL dump 10.13  Distrib 5.5.40-36.1, for Linux (x86_64)
--
-- Host: localhost    Database: akmenes_tadas
-- ------------------------------------------------------
-- Server version	5.5.40-36.1-log

/*!40101 SET @OLD_CHARACTER_SET_CLIENT=@@CHARACTER_SET_CLIENT */;
/*!40101 SET @OLD_CHARACTER_SET_RESULTS=@@CHARACTER_SET_RESULTS */;
/*!40101 SET @OLD_COLLATION_CONNECTION=@@COLLATION_CONNECTION */;
/*!40101 SET NAMES utf8 */;
/*!40103 SET @OLD_TIME_ZONE=@@TIME_ZONE */;
/*!40103 SET TIME_ZONE='+00:00' */;
/*!40014 SET @OLD_UNIQUE_CHECKS=@@UNIQUE_CHECKS, UNIQUE_CHECKS=0 */;
/*!40014 SET @OLD_FOREIGN_KEY_CHECKS=@@FOREIGN_KEY_CHECKS, FOREIGN_KEY_CHECKS=0 */;
/*!40101 SET @OLD_SQL_MODE=@@SQL_MODE, SQL_MODE='NO_AUTO_VALUE_ON_ZERO' */;
/*!40111 SET @OLD_SQL_NOTES=@@SQL_NOTES, SQL_NOTES=0 */;

--
-- Table structure for table `acl_classes`
--

DROP TABLE IF EXISTS `acl_classes`;
/*!40101 SET @saved_cs_client     = @@character_set_client */;
/*!40101 SET character_set_client = utf8 */;
CREATE TABLE `acl_classes` (
  `id` int(10) unsigned NOT NULL AUTO_INCREMENT,
  `class_type` varchar(200) COLLATE utf8_unicode_ci NOT NULL,
  PRIMARY KEY (`id`),
  UNIQUE KEY `UNIQ_69DD750638A36066` (`class_type`)
) ENGINE=InnoDB DEFAULT CHARSET=utf8 COLLATE=utf8_unicode_ci;
/*!40101 SET character_set_client = @saved_cs_client */;

--
-- Dumping data for table `acl_classes`
--

LOCK TABLES `acl_classes` WRITE;
/*!40000 ALTER TABLE `acl_classes` DISABLE KEYS */;
/*!40000 ALTER TABLE `acl_classes` ENABLE KEYS */;
UNLOCK TABLES;

--
-- Table structure for table `acl_entries`
--

DROP TABLE IF EXISTS `acl_entries`;
/*!40101 SET @saved_cs_client     = @@character_set_client */;
/*!40101 SET character_set_client = utf8 */;
CREATE TABLE `acl_entries` (
  `id` int(10) unsigned NOT NULL AUTO_INCREMENT,
  `class_id` int(10) unsigned NOT NULL,
  `object_identity_id` int(10) unsigned DEFAULT NULL,
  `security_identity_id` int(10) unsigned NOT NULL,
  `field_name` varchar(50) COLLATE utf8_unicode_ci DEFAULT NULL,
  `ace_order` smallint(5) unsigned NOT NULL,
  `mask` int(11) NOT NULL,
  `granting` tinyint(1) NOT NULL,
  `granting_strategy` varchar(30) COLLATE utf8_unicode_ci NOT NULL,
  `audit_success` tinyint(1) NOT NULL,
  `audit_failure` tinyint(1) NOT NULL,
  PRIMARY KEY (`id`),
  UNIQUE KEY `UNIQ_46C8B806EA000B103D9AB4A64DEF17BCE4289BF4` (`class_id`,`object_identity_id`,`field_name`,`ace_order`),
  KEY `IDX_46C8B806EA000B103D9AB4A6DF9183C9` (`class_id`,`object_identity_id`,`security_identity_id`),
  KEY `IDX_46C8B806EA000B10` (`class_id`),
  KEY `IDX_46C8B8063D9AB4A6` (`object_identity_id`),
  KEY `IDX_46C8B806DF9183C9` (`security_identity_id`),
  CONSTRAINT `FK_46C8B8063D9AB4A6` FOREIGN KEY (`object_identity_id`) REFERENCES `acl_object_identities` (`id`) ON DELETE CASCADE ON UPDATE CASCADE,
  CONSTRAINT `FK_46C8B806DF9183C9` FOREIGN KEY (`security_identity_id`) REFERENCES `acl_security_identities` (`id`) ON DELETE CASCADE ON UPDATE CASCADE,
  CONSTRAINT `FK_46C8B806EA000B10` FOREIGN KEY (`class_id`) REFERENCES `acl_classes` (`id`) ON DELETE CASCADE ON UPDATE CASCADE
) ENGINE=InnoDB DEFAULT CHARSET=utf8 COLLATE=utf8_unicode_ci;
/*!40101 SET character_set_client = @saved_cs_client */;

--
-- Dumping data for table `acl_entries`
--

LOCK TABLES `acl_entries` WRITE;
/*!40000 ALTER TABLE `acl_entries` DISABLE KEYS */;
/*!40000 ALTER TABLE `acl_entries` ENABLE KEYS */;
UNLOCK TABLES;

--
-- Table structure for table `acl_object_identities`
--

DROP TABLE IF EXISTS `acl_object_identities`;
/*!40101 SET @saved_cs_client     = @@character_set_client */;
/*!40101 SET character_set_client = utf8 */;
CREATE TABLE `acl_object_identities` (
  `id` int(10) unsigned NOT NULL AUTO_INCREMENT,
  `parent_object_identity_id` int(10) unsigned DEFAULT NULL,
  `class_id` int(10) unsigned NOT NULL,
  `object_identifier` varchar(100) COLLATE utf8_unicode_ci NOT NULL,
  `entries_inheriting` tinyint(1) NOT NULL,
  PRIMARY KEY (`id`),
  UNIQUE KEY `UNIQ_9407E5494B12AD6EA000B10` (`object_identifier`,`class_id`),
  KEY `IDX_9407E54977FA751A` (`parent_object_identity_id`),
  CONSTRAINT `FK_9407E54977FA751A` FOREIGN KEY (`parent_object_identity_id`) REFERENCES `acl_object_identities` (`id`)
) ENGINE=InnoDB DEFAULT CHARSET=utf8 COLLATE=utf8_unicode_ci;
/*!40101 SET character_set_client = @saved_cs_client */;

--
-- Dumping data for table `acl_object_identities`
--

LOCK TABLES `acl_object_identities` WRITE;
/*!40000 ALTER TABLE `acl_object_identities` DISABLE KEYS */;
/*!40000 ALTER TABLE `acl_object_identities` ENABLE KEYS */;
UNLOCK TABLES;

--
-- Table structure for table `acl_object_identity_ancestors`
--

DROP TABLE IF EXISTS `acl_object_identity_ancestors`;
/*!40101 SET @saved_cs_client     = @@character_set_client */;
/*!40101 SET character_set_client = utf8 */;
CREATE TABLE `acl_object_identity_ancestors` (
  `object_identity_id` int(10) unsigned NOT NULL,
  `ancestor_id` int(10) unsigned NOT NULL,
  PRIMARY KEY (`object_identity_id`,`ancestor_id`),
  KEY `IDX_825DE2993D9AB4A6` (`object_identity_id`),
  KEY `IDX_825DE299C671CEA1` (`ancestor_id`),
  CONSTRAINT `FK_825DE2993D9AB4A6` FOREIGN KEY (`object_identity_id`) REFERENCES `acl_object_identities` (`id`) ON DELETE CASCADE ON UPDATE CASCADE,
  CONSTRAINT `FK_825DE299C671CEA1` FOREIGN KEY (`ancestor_id`) REFERENCES `acl_object_identities` (`id`) ON DELETE CASCADE ON UPDATE CASCADE
) ENGINE=InnoDB DEFAULT CHARSET=utf8 COLLATE=utf8_unicode_ci;
/*!40101 SET character_set_client = @saved_cs_client */;

--
-- Dumping data for table `acl_object_identity_ancestors`
--

LOCK TABLES `acl_object_identity_ancestors` WRITE;
/*!40000 ALTER TABLE `acl_object_identity_ancestors` DISABLE KEYS */;
/*!40000 ALTER TABLE `acl_object_identity_ancestors` ENABLE KEYS */;
UNLOCK TABLES;

--
-- Table structure for table `acl_security_identities`
--

DROP TABLE IF EXISTS `acl_security_identities`;
/*!40101 SET @saved_cs_client     = @@character_set_client */;
/*!40101 SET character_set_client = utf8 */;
CREATE TABLE `acl_security_identities` (
  `id` int(10) unsigned NOT NULL AUTO_INCREMENT,
  `identifier` varchar(200) COLLATE utf8_unicode_ci NOT NULL,
  `username` tinyint(1) NOT NULL,
  PRIMARY KEY (`id`),
  UNIQUE KEY `UNIQ_8835EE78772E836AF85E0677` (`identifier`,`username`)
) ENGINE=InnoDB DEFAULT CHARSET=utf8 COLLATE=utf8_unicode_ci;
/*!40101 SET character_set_client = @saved_cs_client */;

--
-- Dumping data for table `acl_security_identities`
--

LOCK TABLES `acl_security_identities` WRITE;
/*!40000 ALTER TABLE `acl_security_identities` DISABLE KEYS */;
/*!40000 ALTER TABLE `acl_security_identities` ENABLE KEYS */;
UNLOCK TABLES;

--
-- Table structure for table `admin`
--

DROP TABLE IF EXISTS `admin`;
/*!40101 SET @saved_cs_client     = @@character_set_client */;
/*!40101 SET character_set_client = utf8 */;
CREATE TABLE `admin` (
  `id` int(11) NOT NULL AUTO_INCREMENT,
  `username` varchar(255) COLLATE utf8_unicode_ci NOT NULL,
  `username_canonical` varchar(255) COLLATE utf8_unicode_ci NOT NULL,
  `email` varchar(255) COLLATE utf8_unicode_ci NOT NULL,
  `email_canonical` varchar(255) COLLATE utf8_unicode_ci NOT NULL,
  `enabled` tinyint(1) NOT NULL,
  `salt` varchar(255) COLLATE utf8_unicode_ci NOT NULL,
  `password` varchar(255) COLLATE utf8_unicode_ci NOT NULL,
  `last_login` datetime DEFAULT NULL,
  `locked` tinyint(1) NOT NULL,
  `expired` tinyint(1) NOT NULL,
  `expires_at` datetime DEFAULT NULL,
  `confirmation_token` varchar(255) COLLATE utf8_unicode_ci DEFAULT NULL,
  `password_requested_at` datetime DEFAULT NULL,
  `roles` longtext COLLATE utf8_unicode_ci NOT NULL COMMENT '(DC2Type:array)',
  `credentials_expired` tinyint(1) NOT NULL,
  `credentials_expire_at` datetime DEFAULT NULL,
  `position` varchar(255) COLLATE utf8_unicode_ci DEFAULT NULL,
  PRIMARY KEY (`id`),
  UNIQUE KEY `UNIQ_880E0D7692FC23A8` (`username_canonical`),
  UNIQUE KEY `UNIQ_880E0D76A0D96FBF` (`email_canonical`)
) ENGINE=InnoDB AUTO_INCREMENT=5 DEFAULT CHARSET=utf8 COLLATE=utf8_unicode_ci;
/*!40101 SET character_set_client = @saved_cs_client */;

--
-- Dumping data for table `admin`
--

LOCK TABLES `admin` WRITE;
/*!40000 ALTER TABLE `admin` DISABLE KEYS */;
INSERT INTO `admin` VALUES (2,'mike','mike','mskorok@yandex.ru','mskorok@yandex.ru',1,'mblpuglqdcg8wsc8kkk44w00840c480','tqcR95iXHsLvYl/fGGdKgXbM900HB0ACXbqgavoR6G3d5TbvpB9XdoGWH0Sg+XhjfntCZmRIVh3cdY/HGCPogA==','2014-11-01 23:27:50',0,0,NULL,NULL,NULL,'a:1:{i:0;s:16:\"ROLE_SUPER_ADMIN\";}',0,NULL,NULL),(3,'tadas','tadas','info@arcana.lt','info@arcana.lt',1,'d8vhccehj5kwsgggw00os04w88gsgw8','9OWl5zPnWsn812RA/J0vvSotUXinEyirz5C1D4l2K4Mmw88p7fYq7Dgq+xxAZm5pB9o7GGXvc795lf4t/0GT3w==','2014-12-01 10:41:23',0,0,NULL,NULL,NULL,'a:2:{i:0;s:9:\"ROLE_USER\";i:1;s:16:\"ROLE_SUPER_ADMIN\";}',0,NULL,NULL),(4,'admin','admin','admin@arcana.lt','admin@arcana.lt',1,'e5080ecz868kckks4gkgc8wcwgsss44','Uiv1q/wMuHujwh59geNX99LsJsZ4X/X+35JQfgrzdRGlJ6dJWBSDNRzTwWpIvnGXZ/djSXEAN2HqoSa8Vug5rA==',NULL,0,0,NULL,NULL,NULL,'a:2:{i:0;s:9:\"ROLE_USER\";i:1;s:16:\"ROLE_SUPER_ADMIN\";}',0,NULL,NULL);
/*!40000 ALTER TABLE `admin` ENABLE KEYS */;
UNLOCK TABLES;

--
-- Table structure for table `admingroup`
--

DROP TABLE IF EXISTS `admingroup`;
/*!40101 SET @saved_cs_client     = @@character_set_client */;
/*!40101 SET character_set_client = utf8 */;
CREATE TABLE `admingroup` (
  `id` int(11) NOT NULL AUTO_INCREMENT,
  `name` varchar(255) COLLATE utf8_unicode_ci NOT NULL,
  `roles` longtext COLLATE utf8_unicode_ci NOT NULL COMMENT '(DC2Type:array)',
  `site` varchar(255) COLLATE utf8_unicode_ci NOT NULL,
  PRIMARY KEY (`id`),
  UNIQUE KEY `UNIQ_10FCB63E5E237E06` (`name`)
) ENGINE=InnoDB DEFAULT CHARSET=utf8 COLLATE=utf8_unicode_ci;
/*!40101 SET character_set_client = @saved_cs_client */;

--
-- Dumping data for table `admingroup`
--

LOCK TABLES `admingroup` WRITE;
/*!40000 ALTER TABLE `admingroup` DISABLE KEYS */;
/*!40000 ALTER TABLE `admingroup` ENABLE KEYS */;
UNLOCK TABLES;

--
-- Table structure for table `apartment`
--

DROP TABLE IF EXISTS `apartment`;
/*!40101 SET @saved_cs_client     = @@character_set_client */;
/*!40101 SET character_set_client = utf8 */;
CREATE TABLE `apartment` (
  `id` int(11) NOT NULL AUTO_INCREMENT,
  `flatsnumber` int(11) DEFAULT NULL,
  `floor` int(11) DEFAULT NULL,
  `storeysnumber` int(11) DEFAULT NULL,
  `square` float NOT NULL,
  `address` varchar(255) COLLATE utf8_unicode_ci NOT NULL,
  `price` float NOT NULL,
  `description` longtext COLLATE utf8_unicode_ci,
  `reserved` int(11) NOT NULL,
  `operation` varchar(255) COLLATE utf8_unicode_ci NOT NULL DEFAULT 'sell',
  `active` int(11) NOT NULL,
  `title` varchar(255) COLLATE utf8_unicode_ci NOT NULL,
  `country_id` int(11) DEFAULT NULL,
  `city_id` int(11) DEFAULT NULL,
  PRIMARY KEY (`id`),
  KEY `IDX_4D7E6854F92F3E70` (`country_id`),
  KEY `IDX_4D7E68548BAC62AF` (`city_id`),
  CONSTRAINT `FK_4D7E68548BAC62AF` FOREIGN KEY (`city_id`) REFERENCES `city` (`id`),
  CONSTRAINT `FK_4D7E6854F92F3E70` FOREIGN KEY (`country_id`) REFERENCES `country` (`id`)
) ENGINE=InnoDB AUTO_INCREMENT=26 DEFAULT CHARSET=utf8 COLLATE=utf8_unicode_ci;
/*!40101 SET character_set_client = @saved_cs_client */;

--
-- Dumping data for table `apartment`
--

LOCK TABLES `apartment` WRITE;
/*!40000 ALTER TABLE `apartment` DISABLE KEYS */;
INSERT INTO `apartment` VALUES (3,1,2,5,30,'N. Akmenė V. Kudirkos g. 20',3800,'Naujojoje Akmenėje V. Kudirkos g. 20 parduodamas vieno kambario 30 kv.m. butas, aukštas antras iš penkių. Vyksta namo renovacija. Sudėti nauji plastikiniai langai. Įstiklintas didelis balkonas per du kambarius. Balkonas ir langai rytų pusėje. Tualetas ir vonia kartu. Pakeisti radiatoriai ir visi buto vamzdžiai. Yra reguliuojama šildymo sistema. Apšildytas namo stogas bei jo išorė. Atlikta laiptinės renovacija: laiptinė naujai išdažyta, pakeisti langai, sudėtos naujos vidaus ir lauko durys (koduotos). Išmokėta dalis renovacijos. Prie namo didelis tvarkingas kiemas su vaikų žaidimo aikštele. Prie namo visą parą yra galimybė pasistatyti mašiną. Šalia prekybos centras MAXIMA, mokykla, vaikų darželis, autobusų stotis. Kaina – 13000 Lt (3800 Eurų).',0,'sell',1,'Naujoji Akmenė, V. Kudirkos g. 20 vieno kambario butas',1,1),(6,2,5,5,47.71,'Naujoji Akmenė Respublikos g. 7',3400,'Naujojoje Akmenėje Respublikos g. 7 parduodamas dviejų kambarių 47,71 kv. m. butas. Butas yra penkiaaukščio namo penktame aukšte. Langai orientuoti į skirtingas puses. Kambariai nepereinami, labai gero išplanavimo. Tualetas ir vonia kartu. Prie namo didelis kiemas su vaikų žaidimo aikštele. Prie namo visą parą yra galimybė pasistatyti mašiną. Arti parduotuvės, mokykla, vaikų darželis. Kaina – 12000 Lt (3400 Eurų).',1,'sell',1,'Naujoji Akmenė Respublikos g. 7 dviejų kambarių butas',1,1),(8,2,1,4,41.27,'Naujoji Akmenė V. Kudirkos g. 12',3500,'Naujojoje Akmenėje V. Kudirkos g. 12 parduodamas 41,27 kv.m. dviejų kambarių butas pirmame aukšte. Pakeisti plastikiniai langai. Vonia ir tualetas kartu. Pradėta namo renovacija. Šiuo metu keičiami vamzdynai ir radiatoriai. Bus reguliuojama šildymo sistema (su galimybe atskirai reguliuoti temperatūrą kiekviename kambaryje). Bus apšildytas namo stogas bei jo išorė. Butas tinka komercijai. Prie namo visą parą yra galimybė pasistatyti mašiną. Šalia parduotuvė, mokykla, vaikų darželis. Netoli PC „Maxima“, autobusų stotis. Kaina – 12000 Litų (3500 Eurų).',1,'sell',1,'Naujoji Akmenė V. Kudirkos g. 12 dviejų kambarių butas',1,1),(9,6,1,5,114.81,'Ventos m. Žemaičių g. 47',10800,'Ventos m. Žemaičių g. 47 parduodami du butai. Bendras plotas – 114,81 kv.m. (64,29 kv.m. ir 50,52 kv.m.). Butuose įrengtas autonominis šildymas (elektra), kas ženkliai mažina patalpų išlaikymo išlaidas. Vieno buto mėnesinės išlaikymo išlaidos sudaro apie 50 Lt (15 eurų). Abejuose butuose atskiri tualetas ir vonia. Dalinai pakeisti langai, įstiklintas balkonas, ant sienų šviesių atspalvių tapetai. Labai geras ir patogus privažiavimas. Kaina 37 000 Lt (10800 eurų).',1,'sell',1,'Ventos m. Žemaičių g. 47 du butai',1,1),(10,2,1,5,46.37,'Naujoji Akmenė Respublikos g. 25',9300,'Naujojoje Akmenėje Respublikos g. 25 parduodamas šiuolaikiškai įrengtas 46,37 kv.m. dviejų kambarių butas pirmame aukšte. Butas jaukus ir šiltas, nepereinami kambariai. Langai plastikiniai, orientuoti į skirtingas puses. Įstiklintas balkonas. Sienos šviesių spalvų tapetai. Grindų danga – laminatas. Paliekamas integruotas virtuvės komplektas. Erdvus vonios ir tualeto kambarys. Šarvo durys. Naujai išdažyta laiptinė, koduotos durys. Arti prekybos centras, mokykla, vaikų darželis.\r\nKaina – 32000 Lt (9300 Eurų).',1,'sell',1,'Naujoji Akmenė Respublikos g. 25 dviejų kambarių butas',1,1),(11,3,5,5,66.08,'Akmenės m. Stadiono g. 17',4900,'Akmenės miestelyje Stadiono g. 17 renovuotame name parduodamas 66,08 kv.m. trijų kambarių butas penktame aukšte. Butas jaukus ir tvarkingas, gero išplanavimo. Nepereinami kambariai, plastikiniai langai, įstiklintas didelis erdvus balkonas. Langai orientuoti į skirtingas puses. Vonia ir tualetas atskirai. Įrengta reguliuojama šildymo sistema, minimalios šildymo išlaidos. Naujos buto durys bei koduotos laiptinės durys. Tvarkingas kiemas ir graži aplinka. Priešais namą yra bendro naudojimo automobilių  stovėjimo aikštelė. Arti parduotuvė, mokykla, vaikų darželis. Kaina – 17000 Lt / 4900 eurų',1,'sell',1,'Akmenės m. Stadiono g. 17 trijų kambarių butas',1,6),(12,1,2,3,19.5,'Vievio m. Stoties g. 45A',5700,'Vievio m. Stoties g. 45A parduodamas erdvus 19,50 kv. m. kambarys bendrabutyje. Kambarys yra antrame aukšte iš trijų. Pakeistas naujas plastikinis langas. Kambarys tvarkingas, ant sienų švelnų spalvų tapetai. Bute yra vandens tiekimas, tačiau nėra kanalizacijos. Bendrabutis randasi labai gražioje vietovėje. Netoli geležinkelio stotis. Geras susisiekimas su Vilniumi. Kaina – 19500 Lt (5700 Eurų).',1,'sell',1,'Vievio m. Stoties g. 45A kambarys bendrabutyje',1,5),(13,2,4,5,52,'Akmenės m. Laižuvos g. 10',4600,'Akmenės miestelyje Laižuvos g. 10 parduodamas 52 kv.m. dviejų kambarių butas ketvirtame aukšte. Butas erdvus, jaukus ir tvarkingas. Du nepereinami kambariai. Bute padarytas remontas, pakeisti langai, įstiklintas balkonas. Medinės lauko durys. Vonia ir tualetas atskiri. Erdvus prieškambaris. Arti parduotuvė, vaikų darželis, mokykla. Šalia namo bendro naudojimo automobilių stovėjimo aikštelė. Kaina – 16000 Lt / 4600 eurų',1,'sell',1,'Akmenės m. Laižuvos g. 10 dviejų kambarių butas',1,6),(14,1,1,2,38,'Naujoji Akmenė Nepriklausomybės al. 27',7300,'Naujojoje Akmenėje Nepriklausomybės al. 27 parduodamas 38 kv.m. vieno kambario butas su autonominiu šildymu. Namui atlikta renovacija. Pakeistas stogas ir apšildytos sienos. Bute padarytas remontas: sudėti nauji plastikiniai langai, pakeista santechnika ir elektros instaliacija, apšildytos polistirolu ir iš naujo išbetonuotos grindys. Naujos įėjimo durys. Yra židinys. Butas tinka įvairiai komercinei veiklai. Šalia naujai restauruoti kultūros namai ir poilsio skveras. Kaina – 25000 Lt / 7300 eurų',1,'sell',1,'Naujoji Akmenė Nepriklausomybės al. 27 vieno kambario butas',1,1),(15,2,2,2,45,'Naujoji Akmenė Nepriklausomybės al. 33',7700,'Naujojoje Akmenėje Nepriklausomybės al. 33 parduodamas dviejų kambarių 45 kv.m. butas antrame aukšte iš dviejų. Geras išplanavimas, nepereinami kambariai. Plastikiniai langai, balkonas. Namas naujai renovuotas. Kieme yra butui priklausantis sandėliukas. Kaina – 26500 Lt / 7700 eurų',1,'sell',1,'Naujoji Akmenė Nepriklausomybės al. 33 dviejų kambarių butas',1,1),(16,2,5,5,52.53,'Akmenės m. Stadiono g. 17',5200,'Akmenės miestelyje Stadiono g. 17 parduodamas 52,53 kv.m. dviejų kambarių butas penktame aukšte. Bute atjungtas šildymas. Geras išplanavimas, nepereinami kambariai, įstiklintas balkonas. Langai orientuoti į skirtingas puses. Vonia ir tualetas atskiri. Medinės lauko durys. Namui, laiptinei ir kiemui naujai atlikta renovacija. Name pakeistas stogas, apšildytos sienos. Laiptinė naujai išdažyta, pakeisti langai, naujos koduotos lauko durys. Arti parduotuvė, mokykla, darželis. Kaina – 18000 Lt / 5200 eurų',1,'sell',1,'Akmenės m. Stadiono g. 17 dviejų kambarių butas',1,6),(17,1,1,5,32.98,'Naujoji Akmenė Respublikos g. 18',3300,'Naujojoje Akmenėje , Respublikos g. 18 parduodamas tvarkingas 32,98 kv.m. vieno kambario butas pirmame aukšte. Pradėtas remontas. Langai į pietų pusę. Vonia ir tualetas atskirai. Didelis erdvus prieškambaris. Šarvo durys. Arti vaikų darželis mokykla, prekybos centras. Kaina 11000 Lt (3300 eurų)',1,'sell',1,'Naujoji Akmenė Respublikos g. 18 vieno kambario butas',1,1),(18,2,1,2,45.21,'Naujoji Akmenė P. Jodelės 17',2300,'Naujosios Akmenės mieste P. Jodelės g. parduodamas 45,21 kv.m. dviejų kambarių butas pirmame aukšte iš dviejų. Bute pakeistos lauko durys. Butas šildomas kietu kuru (krosnis), todėl negyvenant bute nėra jokių šildymo išlaidų. Kieme yra priklausantis butui ūkinis pastatas. Kaina – 7900 Lt (2300 eurų).',1,'sell',1,'Naujoji Akmenė P. Jodelės 17 dviejų kambarių butas',1,1),(19,2,5,5,47.12,'Naujoji Akmenė Respublikos g. 18',3300,'Naujosios Akmenės mieste Respublikos g. 18 parduodamas 47,12 kv.m. dviejų kambarių butas penktame aukšte. Butas gero išplanavimo, nekampinis, nepereinami kambariai. Pradėtas remontas, pakeisti visi langai. Tualetas ir vonia kartu. Tvarkinga, nesenai išdažyta laiptinė. Prie namo visą parą yra galimybė pasistatyti mašiną. Šalia parduotuvė. Netoli mokykla ir vaikų darželis. Kaina – 11 000 Lt / 3300 eurų.',1,'sell',1,'Naujoji Akmenė Respublikos g. 18 dviejų kambarių butas',1,1),(20,2,4,4,42.68,'Naujoji Akmenė V. Kudirkos g. 7',6000,'Naujosios Akmenės mieste V. Kudirkos 7 parduodamas 42,68 kv.m. dviejų kambarių butas ketvirtame aukšte. Butas gero išplanavimo, nekampinis. Pakeisti visi langai. Yra balkonas. Tualetas ir vonia kartu. Koduotos laiptinės durys. Prie namo visą parą yra galimybė pasistatyti mašiną. Šalia parduotuvė, mokykla ir vaikų darželis. Kaina – 6000 eurų.',1,'sell',1,'Naujoji Akmenė V. Kudirkos g. 7, dviejų kambarių butas',1,1),(23,3,1,2,52.94,'Naujoji Akmenė Taikos g. 4A',10200,'Naujosios Akmenės senamiestyje Taikos g. 4A parduodamas tvarkingas, šiltas ir jaukus 52,94 kv.m. trijų kambarių butas pirmame aukšte. Bute padarytas remontas, pakeisti visi langai, naujos lauko durys. Kambariai gero išplanavimo, nepereinami. Erdvus prieškambaris. Tualetas ir vonia kartu. Name planuojama daryti renovaciją. Kieme yra priklausantis butui garažas. Labai rami vieta, geri kaimynai, puikiai tinka šeimoms su vaikais. Uždaras kiemas. Netoli policija, migracijos skyrius, muzikos mokykla, parduotuvė. Kaina – 35000 Lt / 10200 eurų',1,'sell',1,'Naujoji Akmenė Taikos g. 4A trijų kambarių butas',1,1),(24,2,3,4,43.46,'Naujoji Akmenė V. Kudirkos 10',6000,'Naujojoje Akmenėje V. Kudirkos g. 10 netoli nuo centro parduodamas 43,46 kv.m. dviejų kambarių butas trečiame aukšte. Butas baigiamas remontuoti: pakeisti langai, nauji plastikiniai vamzdynai, nauja santechnika, naujos vidaus ir lauko durys. Ant grindų – laminatas. Tualetas it vonia kartu. Prie namo visada galima pasistatyti mašiną. Šalia parduotuvė, vaistinė, mokykla, vaikų darželis, autobusų stotis. Kaina – 20700 Lt / 6000 eurų.',1,'sell',1,'Naujoji Akmenė V. Kudirkos 10 dviejų kambarių butas.',1,1),(25,2,4,5,44.44,'Naujoji Akmenė V. Kudirkos 22',8700,'Naujosios Akmenės mieste V. Kudirkos gatvėje 22 parduodamas 44,44 kv.m. tvarkingas ir šiltas dviejų kambarių butas penkiaaukščio namo ketvirtame aukšte. Namui ir laiptinei naujai atlikta renovacija. Apšildytas namo stogas bei jo išorė. Bute pakeisti radiatoriai ir visi vamzdžiai. Yra reguliuojama šildymo sistema: temperatūrą kiekviename kambaryje galima reguliuoti atskirai. Nauji plastikiniai langai, įstiklintas balkonas, naujos vidaus (medinės) ir lauko (šarvo) durys. Grindų danga – laminatas. Tualetas ir vonia kartu. Nepereinami kambariai. Atlikta laiptinės renovacija: laiptinė naujai išdažyta, pakeisti langai, sudėtos naujos koduotos lauko durys. Išmokėta renovacija. Prie namo didelis tvarkingas kiemas su vaikų žaidimo aikštele. Prie namo visą parą yra galimybė pasistatyta mašiną. Šalia prekybos centras MAXIMA, mokykla, vaikų darželis, autobusų stotis. Kaina – 30000 Lt / 8700 eurų.',1,'sell',1,'Naujoji Akmenė V. Kudirkos 22 dviejų kambarių butas',1,1);
/*!40000 ALTER TABLE `apartment` ENABLE KEYS */;
UNLOCK TABLES;

--
-- Table structure for table `city`
--

DROP TABLE IF EXISTS `city`;
/*!40101 SET @saved_cs_client     = @@character_set_client */;
/*!40101 SET character_set_client = utf8 */;
CREATE TABLE `city` (
  `id` int(11) NOT NULL AUTO_INCREMENT,
  `name` varchar(255) COLLATE utf8_unicode_ci NOT NULL,
  PRIMARY KEY (`id`)
) ENGINE=InnoDB AUTO_INCREMENT=8 DEFAULT CHARSET=utf8 COLLATE=utf8_unicode_ci;
/*!40101 SET character_set_client = @saved_cs_client */;

--
-- Dumping data for table `city`
--

LOCK TABLES `city` WRITE;
/*!40000 ALTER TABLE `city` DISABLE KEYS */;
INSERT INTO `city` VALUES (1,'Naujoji Akmene'),(2,'Klaipeda'),(3,'Vilnius'),(4,'Shiauliai'),(5,'Venta'),(6,'Akmene'),(7,'Kedainiai');
/*!40000 ALTER TABLE `city` ENABLE KEYS */;
UNLOCK TABLES;

--
-- Table structure for table `commercial`
--

DROP TABLE IF EXISTS `commercial`;
/*!40101 SET @saved_cs_client     = @@character_set_client */;
/*!40101 SET character_set_client = utf8 */;
CREATE TABLE `commercial` (
  `id` int(11) NOT NULL AUTO_INCREMENT,
  `flatsnumber` int(11) DEFAULT NULL,
  `floor` int(11) DEFAULT NULL,
  `storeysnumber` int(11) DEFAULT NULL,
  `square` float NOT NULL,
  `address` varchar(255) COLLATE utf8_unicode_ci NOT NULL,
  `price` float NOT NULL,
  `description` longtext COLLATE utf8_unicode_ci,
  `reserved` int(11) NOT NULL,
  `operation` varchar(255) COLLATE utf8_unicode_ci NOT NULL DEFAULT 'sell',
  `active` int(11) NOT NULL,
  `title` varchar(255) COLLATE utf8_unicode_ci NOT NULL,
  `country_id` int(11) DEFAULT NULL,
  `city_id` int(11) DEFAULT NULL,
  PRIMARY KEY (`id`),
  KEY `IDX_7653F3AEF92F3E70` (`country_id`),
  KEY `IDX_7653F3AE8BAC62AF` (`city_id`),
  CONSTRAINT `FK_7653F3AE8BAC62AF` FOREIGN KEY (`city_id`) REFERENCES `city` (`id`),
  CONSTRAINT `FK_7653F3AEF92F3E70` FOREIGN KEY (`country_id`) REFERENCES `country` (`id`)
) ENGINE=InnoDB AUTO_INCREMENT=5 DEFAULT CHARSET=utf8 COLLATE=utf8_unicode_ci;
/*!40101 SET character_set_client = @saved_cs_client */;

--
-- Dumping data for table `commercial`
--

LOCK TABLES `commercial` WRITE;
/*!40000 ALTER TABLE `commercial` DISABLE KEYS */;
INSERT INTO `commercial` VALUES (1,2,1,4,41.27,'Naujoji Akmenė V. Kudirkos g. 12',3500,'Naujojoje Akmenėje V. Kudirkos g. 12 parduodamas 41,27 kv.m. dviejų kambarių butas pirmame aukšte. Butas puikiai tinka komercinei veiklai. Pakeisti plastikiniai langai. Vonia ir tualetas kartu. Pradėta namo renovacija. Šiuo metu keičiami vamzdynai ir radiatoriai. Bus reguliuojama šildymo sistema (su galimybe atskirai reguliuoti temperatūrą kiekviename kambaryje). Bus apšildytas namo stogas bei jo išorė. Prie namo visą parą yra galimybė pasistatyta mašiną. Šalia parduotuvė, mokykla, vaikų darželis. Netoli PC „Maxima“, autobusų stotis. Kaina – 12000 Litų (3500 Eurų).',1,'sell',1,'Naujoji Akmenė V. Kudirkos g. 12 komercinės patalpos',1,1),(2,6,1,5,114.81,'Ventos  m. Žemaičių g. 47',10800,'Ventos  m. Žemaičių g. 47 parduodamos komercines patalpos su atskiru įėjimu. Bendras plotas – 114,81 kv. m. Patalpose įrengtas autonominis šildymas (elektra), kas ženkliai mažina patalpų išlaikymo išlaidas. Tualetas ir vonia atskiri. Dalinai pakeisti langai, įstiklintas balkonas, ant sienų šviesių atspalvių tapetai. Labai geras ir patogus privažiavimas. Kaina 37 000 Lt (10800 eurų).',1,'sell',1,'Ventos  m. Žemaičių g. 47 komercines patalpos su atskiru įėjimu',1,5),(3,NULL,1,1,22.44,'Naujoji Akmenė Ramučių g.',1800,'Naujojoje Akmenėje Ramučių g. parduodamos komercinės paskirties pastatos – mūrinis namukas 22,44 kv.m, puikiai tinkantis įvairiai komercinei veiklai (įsikuriant avalynės, televizorių–imtuvų taisyklai bei sandėliavimo paskirčiai). Į pastatą atvestas gamtinių dujų įvadas, galima pasidaryti autonominį šildymą. Šalia automobilių stovėjimo aikštelė, arti gimnazija, parduotuvė, vaikų darželis, turgus. Kaina – 6500 Lt (1800 eurų).',1,'sell',1,'Naujoji Akmenė Ramučių g. komercinės patalpos',1,1),(4,2,1,1,50,'Naujoji Akmenė P. Jodelės g.',5200,'Naujojoje Akmenėje P. Jodelės g. parduodami du sujungti garažai apie 50 kv.m. Po garažais rūsys, trifazė elektra, pastatyta kieto kuro šildymo krosnis. Garažai tinka sandėliavimui arba įvairiai gamybinei veiklai. Geras privažiavimas. Kaina – 5200 eurų',1,'sell',1,'Naujoji Akmenė P. Jodelės g. du sujungti garažai',1,1);
/*!40000 ALTER TABLE `commercial` ENABLE KEYS */;
UNLOCK TABLES;

--
-- Table structure for table `country`
--

DROP TABLE IF EXISTS `country`;
/*!40101 SET @saved_cs_client     = @@character_set_client */;
/*!40101 SET character_set_client = utf8 */;
CREATE TABLE `country` (
  `id` int(11) NOT NULL AUTO_INCREMENT,
  `name` varchar(255) COLLATE utf8_unicode_ci NOT NULL,
  PRIMARY KEY (`id`)
) ENGINE=InnoDB AUTO_INCREMENT=4 DEFAULT CHARSET=utf8 COLLATE=utf8_unicode_ci;
/*!40101 SET character_set_client = @saved_cs_client */;

--
-- Dumping data for table `country`
--

LOCK TABLES `country` WRITE;
/*!40000 ALTER TABLE `country` DISABLE KEYS */;
INSERT INTO `country` VALUES (1,'Литва'),(2,'Германия'),(3,'Испания');
/*!40000 ALTER TABLE `country` ENABLE KEYS */;
UNLOCK TABLES;

--
-- Table structure for table `ext_log_entries`
--

DROP TABLE IF EXISTS `ext_log_entries`;
/*!40101 SET @saved_cs_client     = @@character_set_client */;
/*!40101 SET character_set_client = utf8 */;
CREATE TABLE `ext_log_entries` (
  `id` int(11) NOT NULL AUTO_INCREMENT,
  `action` varchar(8) COLLATE utf8_unicode_ci NOT NULL,
  `logged_at` datetime NOT NULL,
  `object_id` varchar(64) COLLATE utf8_unicode_ci DEFAULT NULL,
  `object_class` varchar(255) COLLATE utf8_unicode_ci NOT NULL,
  `version` int(11) NOT NULL,
  `data` longtext COLLATE utf8_unicode_ci COMMENT '(DC2Type:array)',
  `username` varchar(255) COLLATE utf8_unicode_ci DEFAULT NULL,
  PRIMARY KEY (`id`),
  KEY `log_class_lookup_idx` (`object_class`),
  KEY `log_date_lookup_idx` (`logged_at`),
  KEY `log_user_lookup_idx` (`username`),
  KEY `log_version_lookup_idx` (`object_id`,`object_class`,`version`)
) ENGINE=InnoDB DEFAULT CHARSET=utf8 COLLATE=utf8_unicode_ci;
/*!40101 SET character_set_client = @saved_cs_client */;

--
-- Dumping data for table `ext_log_entries`
--

LOCK TABLES `ext_log_entries` WRITE;
/*!40000 ALTER TABLE `ext_log_entries` DISABLE KEYS */;
/*!40000 ALTER TABLE `ext_log_entries` ENABLE KEYS */;
UNLOCK TABLES;

--
-- Table structure for table `ext_translations`
--

DROP TABLE IF EXISTS `ext_translations`;
/*!40101 SET @saved_cs_client     = @@character_set_client */;
/*!40101 SET character_set_client = utf8 */;
CREATE TABLE `ext_translations` (
  `id` int(11) NOT NULL AUTO_INCREMENT,
  `locale` varchar(8) COLLATE utf8_unicode_ci NOT NULL,
  `object_class` varchar(255) COLLATE utf8_unicode_ci NOT NULL,
  `field` varchar(32) COLLATE utf8_unicode_ci NOT NULL,
  `foreign_key` varchar(64) COLLATE utf8_unicode_ci NOT NULL,
  `content` longtext COLLATE utf8_unicode_ci,
  PRIMARY KEY (`id`),
  UNIQUE KEY `lookup_unique_idx` (`locale`,`object_class`,`field`,`foreign_key`),
  KEY `translations_lookup_idx` (`locale`,`object_class`,`foreign_key`)
) ENGINE=InnoDB AUTO_INCREMENT=1598 DEFAULT CHARSET=utf8 COLLATE=utf8_unicode_ci;
/*!40101 SET character_set_client = @saved_cs_client */;

--
-- Dumping data for table `ext_translations`
--

LOCK TABLES `ext_translations` WRITE;
/*!40000 ALTER TABLE `ext_translations` DISABLE KEYS */;
INSERT INTO `ext_translations` VALUES (1,'en','Namas\\ArcanaBundle\\Entity\\owner','name','1','Apartment'),(2,'en','Namas\\ArcanaBundle\\Entity\\owner','name','2','Home'),(3,'en','Namas\\ArcanaBundle\\Entity\\owner','name','3','Commerce'),(4,'en','Namas\\ArcanaBundle\\Entity\\owner','name','4','Forest'),(5,'en','Namas\\ArcanaBundle\\Entity\\owner','name','5','Homestead'),(6,'en','Namas\\ArcanaBundle\\Entity\\owner','name','6','Land'),(60,'en','Namas\\ArcanaBundle\\Entity\\country','name','1','Lithuania'),(61,'en','Namas\\ArcanaBundle\\Entity\\country','name','2','Germany'),(62,'en','Namas\\ArcanaBundle\\Entity\\country','name','3','Spain'),(65,'en','Namas\\ArcanaBundle\\Entity\\city','name','1','New Akmene'),(67,'en','Namas\\ArcanaBundle\\Entity\\city','name','2','Klaipeda'),(71,'en','Namas\\ArcanaBundle\\Entity\\city','name','4','Shiauliai'),(80,'ru','Namas\\ArcanaBundle\\Entity\\owner','name','1','Квартира'),(81,'ru','Namas\\ArcanaBundle\\Entity\\owner','name','2','Дом'),(82,'ru','Namas\\ArcanaBundle\\Entity\\owner','name','3','Коммерческая недвижимость'),(83,'ru','Namas\\ArcanaBundle\\Entity\\owner','name','4','Лес'),(84,'ru','Namas\\ArcanaBundle\\Entity\\owner','name','5','Усадьба'),(85,'ru','Namas\\ArcanaBundle\\Entity\\owner','name','6','Земля'),(87,'lt','Namas\\ArcanaBundle\\Entity\\owner','name','2','Negyvenamoji'),(88,'lt','Namas\\ArcanaBundle\\Entity\\owner','name','3','Miškas'),(89,'lt','Namas\\ArcanaBundle\\Entity\\owner','name','4','Namai'),(90,'lt','Namas\\ArcanaBundle\\Entity\\owner','name','5','Sodyba'),(91,'lt','Namas\\ArcanaBundle\\Entity\\owner','name','6','Sklypas'),(92,'lt','Namas\\ArcanaBundle\\Entity\\owner','name','1','Butai'),(125,'ru','Namas\\ArcanaBundle\\Entity\\country','name','1','Литва'),(126,'lt','Namas\\ArcanaBundle\\Entity\\country','name','1','Lietuva'),(127,'ru','Namas\\ArcanaBundle\\Entity\\country','name','2','Германия'),(128,'lt','Namas\\ArcanaBundle\\Entity\\country','name','2','Vokietija'),(129,'ru','Namas\\ArcanaBundle\\Entity\\country','name','3','Испания'),(130,'lt','Namas\\ArcanaBundle\\Entity\\country','name','3','Ispanija'),(131,'lt','Namas\\ArcanaBundle\\Entity\\city','name','1','Naujoji Akmene'),(132,'ru','Namas\\ArcanaBundle\\Entity\\city','name','1','Новый Акмене'),(133,'lt','Namas\\ArcanaBundle\\Entity\\city','name','2','Klaipeda'),(134,'ru','Namas\\ArcanaBundle\\Entity\\city','name','2','Клайпеда'),(135,'lt','Namas\\ArcanaBundle\\Entity\\city','name','4','Šiauliai'),(136,'ru','Namas\\ArcanaBundle\\Entity\\city','name','4','Шяуляй'),(193,'lt','Namas\\ArcanaBundle\\Entity\\apartment','address','3','N. Akmenė V. Kudirkos g. 20'),(194,'lt','Namas\\ArcanaBundle\\Entity\\apartment','title','3','Naujoji Akmenė, V. Kudirkos g. 20 vieno kambario butas'),(195,'lt','Namas\\ArcanaBundle\\Entity\\apartment','description','3','Naujojoje Akmenėje V. Kudirkos g. 20 parduodamas vieno kambario 30 kv.m. butas, aukštas antras iš penkių. Vyksta namo renovacija. Sudėti nauji plastikiniai langai. Įstiklintas didelis balkonas per du kambarius. Balkonas ir langai rytų pusėje. Tualetas ir vonia kartu. Pakeisti radiatoriai ir visi buto vamzdžiai. Yra reguliuojama šildymo sistema. Apšildytas namo stogas bei jo išorė. Atlikta laiptinės renovacija: laiptinė naujai išdažyta, pakeisti langai, sudėtos naujos vidaus ir lauko durys (koduotos). Išmokėta pusė renovacijos. Prie namo didelis tvarkingas kiemas su vaikų žaidimo aikštele. Prie namo visą parą yra galimybė pasistatyta mašiną. Šalia prekybos centras MAXIMA, mokykla, vaikų darželis, autobusų stotis. Kaina – 13000 Lt (3800 Eurų).'),(196,'lt','Namas\\ArcanaBundle\\Entity\\apartment','operation','3','sell'),(197,'lt','Namas\\ArcanaBundle\\Entity\\image','title','11','Naujoji Akmenėje, V. Kudirkos g. 20 vieno kambario butas'),(198,'lt','Namas\\ArcanaBundle\\Entity\\image','description','11','N. Akmenė V. Kudirkos g. 20 namo renovacija'),(199,'lt','Namas\\ArcanaBundle\\Entity\\image','title','12','Naujoji Akmenėje, V. Kudirkos g. 20 vieno kambario butas'),(200,'lt','Namas\\ArcanaBundle\\Entity\\image','description','12','Naujos laiptinės durys'),(201,'lt','Namas\\ArcanaBundle\\Entity\\image','title','13','Naujoji Akmenėje, V. Kudirkos g. 20 vieno kambario butas'),(202,'lt','Namas\\ArcanaBundle\\Entity\\image','description','13','Naujos laiptinės vidinės durys'),(203,'lt','Namas\\ArcanaBundle\\Entity\\image','title','14','Naujoji Akmenėje, V. Kudirkos g. 20 vieno kambario butas'),(204,'lt','Namas\\ArcanaBundle\\Entity\\image','description','14','Kambarys'),(205,'lt','Namas\\ArcanaBundle\\Entity\\image','title','15','Naujoji Akmenėje, V. Kudirkos g. 20 vieno kambario butas'),(206,'lt','Namas\\ArcanaBundle\\Entity\\image','description','15','Kambarys'),(207,'lt','Namas\\ArcanaBundle\\Entity\\image','title','16','Naujoji Akmenėje, V. Kudirkos g. 20 vieno kambario butas'),(208,'lt','Namas\\ArcanaBundle\\Entity\\image','description','16','Virtuvė'),(209,'lt','Namas\\ArcanaBundle\\Entity\\image','title','17','Naujoji Akmenėje, V. Kudirkos g. 20 vieno kambario butas'),(210,'lt','Namas\\ArcanaBundle\\Entity\\image','description','17','Vonios kambarys'),(211,'lt','Namas\\ArcanaBundle\\Entity\\image','title','18','Naujoji Akmenėje, V. Kudirkos g. 20 vieno kambario butas'),(212,'lt','Namas\\ArcanaBundle\\Entity\\image','description','18','Vonios kambarys'),(213,'lt','Namas\\ArcanaBundle\\Entity\\image','title','19','Naujoji Akmenėje, V. Kudirkos g. 20 vieno kambario butas'),(214,'lt','Namas\\ArcanaBundle\\Entity\\image','description','19','Kiemas'),(215,'ru','Namas\\ArcanaBundle\\Entity\\apartment','address','3','Н. Акмяне ул. В. Кудиркос д. 20'),(216,'ru','Namas\\ArcanaBundle\\Entity\\apartment','title','3','Науйойи Акмяне ул. В. Кудиркос д. 20 однокомнатная квартира'),(217,'ru','Namas\\ArcanaBundle\\Entity\\apartment','description','3','В городе Науйойи Акмяне по ул. Кудиркос 20 продаётся однокомнатная  квартира площадью 30 кв. м. Квартира расположена на втором этаже пятиэтажного дома. Проводится реновация дома. Установлены новые теплосберегающие окна, застеклен просторный балкон (на две комнаты). Балкон и окна выходят на юг. Совмещенный санузел. В квартире заменены все радиаторы и трубы. Установлена регулируемая система отопления (температуру в каждой комнате можно регулировать автономно). Крыша и внешняя сторона дома утеплены. Проведена реновация подъезда: подъезд покрашен, заменены окна и установлена новая внутренняя и внешняя (кодированная) дверь. Выплачена половина реновации. Около дома большой ухоженный двор с детской игровой площадкой. У дома в любое время можно припарковать машину. Рядом с домом находится торговый центр «Максима», школа, детский сад, автобусная станция. Цена – 3800 евро.'),(218,'ru','Namas\\ArcanaBundle\\Entity\\apartment','operation','3','sell'),(219,'ru','Namas\\ArcanaBundle\\Entity\\image','title','11','Науйойи Акмяне ул. В. Кудиркос д. 20 однокомнатная квартира'),(220,'ru','Namas\\ArcanaBundle\\Entity\\image','description','11','Н. Акмяне ул. В. Кудиркос д. 20 реновация дома'),(221,'ru','Namas\\ArcanaBundle\\Entity\\image','title','12','Науйойи Акмяне ул. В. Кудиркос д. 20 однокомнатная квартира'),(222,'ru','Namas\\ArcanaBundle\\Entity\\image','description','12','Новая входная дверь в подъезде'),(223,'ru','Namas\\ArcanaBundle\\Entity\\image','title','13','Науйойи Акмяне ул. В. Кудиркос д. 20 однокомнатная квартира'),(224,'ru','Namas\\ArcanaBundle\\Entity\\image','description','13','Новая дверь в подъезде'),(225,'ru','Namas\\ArcanaBundle\\Entity\\image','title','14','Науйойи Акмяне ул. В. Кудиркос д. 20 однокомнатная квартира'),(226,'ru','Namas\\ArcanaBundle\\Entity\\image','description','14','Клмната'),(227,'ru','Namas\\ArcanaBundle\\Entity\\image','title','15','Науйойи Акмяне ул. В. Кудиркос д. 20 однокомнатная квартира'),(228,'ru','Namas\\ArcanaBundle\\Entity\\image','description','15','Комната'),(229,'ru','Namas\\ArcanaBundle\\Entity\\image','title','16','Науйойи Акмяне ул. В. Кудиркос д. 20 однокомнатная квартира'),(230,'ru','Namas\\ArcanaBundle\\Entity\\image','description','16','Кухня'),(231,'ru','Namas\\ArcanaBundle\\Entity\\image','title','17','Науйойи Акмяне ул. В. Кудиркос д. 20 однокомнатная квартира'),(232,'ru','Namas\\ArcanaBundle\\Entity\\image','description','17','Ванная комната'),(233,'ru','Namas\\ArcanaBundle\\Entity\\image','title','18','Науйойи Акмяне ул. В. Кудиркос д. 20 однокомнатная квартира'),(234,'ru','Namas\\ArcanaBundle\\Entity\\image','description','18','Ванная комната'),(235,'ru','Namas\\ArcanaBundle\\Entity\\image','title','19','Науйойи Акмяне ул. В. Кудиркос д. 20 однокомнатная квартира'),(236,'ru','Namas\\ArcanaBundle\\Entity\\image','description','19','Двор'),(297,'lt','Namas\\ArcanaBundle\\Entity\\apartment','address','6','Naujoji Akmenė Respublikos g. 7'),(298,'lt','Namas\\ArcanaBundle\\Entity\\apartment','title','6','Naujoji Akmenė Respublikos g. 7 dviejų kambarių butas'),(299,'lt','Namas\\ArcanaBundle\\Entity\\apartment','description','6','Naujojoje Akmenėje Respublikos g. 7 parduodamas dviejų kambarių 47,71 kv. m. butas. Butas yra penkiaaukščio namo penktame aukšte. Langai orientuoti į skirtingas puses. Kambariai nepereinami, labai gero išplanavimo. Tualetas ir vonia kartu. Prie namo didelis kiemas su vaikų žaidimo aikštele. Prie namo visą parą yra galimybė pasistatyta mašiną. Arti parduotuvės, mokykla, vaikų darželis. Kaina – 12000 Lt (3400 Eurų).'),(300,'lt','Namas\\ArcanaBundle\\Entity\\apartment','operation','6','sell'),(301,'lt','Namas\\ArcanaBundle\\Entity\\image','title','42','Naujoji Akmenė Respublikos g. 7 dviejų kambarių butas'),(302,'lt','Namas\\ArcanaBundle\\Entity\\image','description','42','N. Akmenė Respublikos g. 7'),(303,'lt','Namas\\ArcanaBundle\\Entity\\image','title','43','Naujoji Akmenė Respublikos g. 7 dviejų kambarių butas'),(304,'lt','Namas\\ArcanaBundle\\Entity\\image','description','43','N. Akmenė Respublikos g. 7'),(305,'lt','Namas\\ArcanaBundle\\Entity\\image','title','44','Naujoji Akmenė Respublikos g. 7 dviejų kambarių butas'),(306,'lt','Namas\\ArcanaBundle\\Entity\\image','description','44','Kambarys'),(307,'lt','Namas\\ArcanaBundle\\Entity\\image','title','45','Naujoji Akmenė Respublikos g. 7 dviejų kambarių butas'),(308,'lt','Namas\\ArcanaBundle\\Entity\\image','description','45','Kambarys'),(309,'lt','Namas\\ArcanaBundle\\Entity\\image','title','46','Naujoji Akmenė Respublikos g. 7 dviejų kambarių butas'),(310,'lt','Namas\\ArcanaBundle\\Entity\\image','description','46','Virtuvė'),(311,'lt','Namas\\ArcanaBundle\\Entity\\image','title','47','Naujoji Akmenė Respublikos g. 7 dviejų kambarių butas'),(312,'lt','Namas\\ArcanaBundle\\Entity\\image','description','47','Lauko durys'),(313,'ru','Namas\\ArcanaBundle\\Entity\\apartment','address','6','Науйойи Акмяне ул. Республикос д. 7'),(314,'ru','Namas\\ArcanaBundle\\Entity\\apartment','title','6','Науйойи Акмяне ул. Республикос д. 7 двухкомнатная квартира'),(315,'ru','Namas\\ArcanaBundle\\Entity\\apartment','description','6','В городе Науйойи Акмяне по ул. Республикос 7 продается двухкомнатная квартира. Площадь – 47,71 кв. м. Квартира расположена на пятом этаже пятиэтажного дома. Комнаты очень хорошей планировки, непроходные. Совмещенный санузел. Около дома большой ухоженный двор с детской игровой площадкой. У дома в любое время есть возможность припарковать машину. Недалеко магазины, детский сад, школа. Цена – 3400 евро.'),(316,'ru','Namas\\ArcanaBundle\\Entity\\apartment','operation','6','sell'),(342,'lt','Namas\\ArcanaBundle\\Entity\\apartment','address','8','Naujoji Akmenė V. Kudirkos g. 12'),(343,'lt','Namas\\ArcanaBundle\\Entity\\apartment','title','8','Naujoji Akmenė V. Kudirkos g. 12 dviejų kambarių butas'),(344,'lt','Namas\\ArcanaBundle\\Entity\\apartment','description','8','Naujojoje Akmenėje V. Kudirkos g. 12 parduodamas 41,27 kv.m. dviejų kambarių butas pirmame aukšte. Pakeisti plastikiniai langai. Vonia ir tualetas kartu. Pradėta namo renovacija. Šiuo metu keičiami vamzdynai ir radiatoriai. Bus reguliuojama šildymo sistema (su galimybe atskirai reguliuoti temperatūrą kiekviename kambaryje). Bus apšildytas namo stogas bei jo išorė. Butas tinka komercijai. Prie namo visą parą yra galimybė pasistatyta mašiną. Šalia parduotuvė, mokykla, vaikų darželis. Netoli PC „Maxima“, autobusų stotis. Kaina – 12000 Litų (3500 Eurų).'),(345,'lt','Namas\\ArcanaBundle\\Entity\\apartment','operation','8','sell'),(346,'lt','Namas\\ArcanaBundle\\Entity\\image','title','56','Naujoji Akmenė V. Kudirkos g. 12 dviejų kambarių butas'),(347,'lt','Namas\\ArcanaBundle\\Entity\\image','description','56','N. Akmenė V. Kudirkos g. 12'),(348,'lt','Namas\\ArcanaBundle\\Entity\\image','title','57','Naujoji Akmenė V. Kudirkos g. 12 dviejų kambarių butas'),(349,'lt','Namas\\ArcanaBundle\\Entity\\image','description','57','N. Akmenė V. Kudirkos g. 12'),(350,'lt','Namas\\ArcanaBundle\\Entity\\image','title','58','Naujoji Akmenė V. Kudirkos g. 12 dviejų kambarių butas'),(351,'lt','Namas\\ArcanaBundle\\Entity\\image','description','58','Kambarys Nr. 1'),(352,'lt','Namas\\ArcanaBundle\\Entity\\image','title','59','Naujoji Akmenė V. Kudirkos g. 12 dviejų kambarių butas'),(353,'lt','Namas\\ArcanaBundle\\Entity\\image','description','59','Kambarys Nr. 1'),(354,'lt','Namas\\ArcanaBundle\\Entity\\image','title','60','Naujoji Akmenė V. Kudirkos g. 12 dviejų kambarių butas'),(355,'lt','Namas\\ArcanaBundle\\Entity\\image','description','60','Kambarys Nr. 2'),(356,'lt','Namas\\ArcanaBundle\\Entity\\image','title','61','Naujoji Akmenė V. Kudirkos g. 12 dviejų kambarių butas'),(357,'lt','Namas\\ArcanaBundle\\Entity\\image','description','61','Virtuvė'),(358,'lt','Namas\\ArcanaBundle\\Entity\\image','title','62','Naujoji Akmenė V. Kudirkos g. 12 dviejų kambarių butas'),(359,'lt','Namas\\ArcanaBundle\\Entity\\image','description','62','Lauko durys'),(360,'lt','Namas\\ArcanaBundle\\Entity\\image','title','63','Naujoji Akmenė V. Kudirkos g. 12 dviejų kambarių butas'),(361,'lt','Namas\\ArcanaBundle\\Entity\\image','description','63','Vonios kambarys'),(362,'ru','Namas\\ArcanaBundle\\Entity\\apartment','address','8','Науйойи Акмяне ул. В. Кудиркос д. 12'),(363,'ru','Namas\\ArcanaBundle\\Entity\\apartment','title','8','Науйойи Акмяне ул. В. Кудиркос д. 12 двухкомнатная квартира'),(364,'ru','Namas\\ArcanaBundle\\Entity\\apartment','description','8','В городе Науйойи Акмяне по ул. Кудиркос 12 продаётся двухкомнатная  квартира площадью 41,27 кв. м. Квартира расположена на первом этаже пятиэтажного дома. Совмещенный санузел. Начата реновация дома. Установлены новые качественные теплосберегающие окна. Заменены все радтаторы и трубы. Установлена регулируемая система отопления (температуру в каждой комнате можно регулировать автономно). В настоящее время проводится утепление крыши и внешней стороны дома. Квартира подходит для коммерческих целей. У дома в любое время можно припарковать машину. Рядом с домом находится торговый центр «Максима», школа, детский сад, автобусная станция. Цена – 3500 евро.'),(365,'ru','Namas\\ArcanaBundle\\Entity\\apartment','operation','8','sell'),(366,'lt','Namas\\ArcanaBundle\\Entity\\apartment','address','9','Ventos m. Žemaičių g. 47'),(367,'lt','Namas\\ArcanaBundle\\Entity\\apartment','title','9','Ventos m. Žemaičių g. 47 du butai'),(368,'lt','Namas\\ArcanaBundle\\Entity\\apartment','description','9','Ventos m. Žemaičių g. 47 parduodami du butai. Bendras plotas – 114,81 kv.m. (64,29 kv.m. ir 50,52 kv.m.). Butuose įrengtas autonominis šildymas (elektra), kas ženkliai mažina patalpų išlaikymo išlaidas. Vieno buto mėnesinės išlaikymo išlaidos sudaro apie 50 Lt (15 eurų). Abejuose butuose atskiri tualetas ir vonia. Dalinai pakeisti langai, įstiklintas balkonas, ant sienų šviesių atspalvių tapetai. Labai geras ir patogus privažiavimas. Kaina 37 000 Lt (10800 eurų).'),(369,'lt','Namas\\ArcanaBundle\\Entity\\apartment','operation','9','sell'),(370,'lt','Namas\\ArcanaBundle\\Entity\\image','title','64','Ventos m. Žemaičių g. 47 du butai'),(371,'lt','Namas\\ArcanaBundle\\Entity\\image','description','64','Ventos m. Žemaičių g. 47'),(372,'lt','Namas\\ArcanaBundle\\Entity\\image','title','65','Ventos m. Žemaičių g. 47 du butai'),(373,'lt','Namas\\ArcanaBundle\\Entity\\image','description','65','Kambarys'),(374,'lt','Namas\\ArcanaBundle\\Entity\\image','title','66','Ventos m. Žemaičių g. 47 du butai'),(375,'lt','Namas\\ArcanaBundle\\Entity\\image','description','66','Kambarys'),(376,'lt','Namas\\ArcanaBundle\\Entity\\image','title','67','Ventos m. Žemaičių g. 47 du butai'),(377,'lt','Namas\\ArcanaBundle\\Entity\\image','description','67','Kambarys'),(378,'lt','Namas\\ArcanaBundle\\Entity\\image','title','68','Ventos m. Žemaičių g. 47 du butai'),(379,'lt','Namas\\ArcanaBundle\\Entity\\image','description','68','Tualetas'),(380,'lt','Namas\\ArcanaBundle\\Entity\\image','title','69','Ventos m. Žemaičių g. 47 du butai'),(381,'lt','Namas\\ArcanaBundle\\Entity\\image','description','69','Vonios kambarys'),(382,'ru','Namas\\ArcanaBundle\\Entity\\apartment','address','9','Ventos m. Žemaičių g. 47'),(383,'ru','Namas\\ArcanaBundle\\Entity\\apartment','title','9','г. Вента ул. Жямайчю д. 47  две квартиры'),(384,'ru','Namas\\ArcanaBundle\\Entity\\apartment','description','9','В г. Вента по ул. Жямайчю 47 продаются две квартиры. Общая площадь – 114,81 кв.м. (64,29 кв.м. и 50,52 кв.м.). В квартирах оборудовано автономное отопление (электричество), что значительно уменьшает расходы по содержанию. Ежемесячные расходы по содержанию одной квартиры составляют ок. 15 евро (50 литов). В обеих квартирах раздельные туалет и ванная комната. Частично заменены окна, застеклен балкон, на стенах обои светлых тонов. Очень хорошая и удобная подъездная дорога. Цена 10800 евро.'),(385,'ru','Namas\\ArcanaBundle\\Entity\\apartment','operation','9','sell'),(386,'lt','Namas\\ArcanaBundle\\Entity\\apartment','address','10','Naujoji Akmenė Respublikos g. 25'),(387,'lt','Namas\\ArcanaBundle\\Entity\\apartment','title','10','Naujoji Akmenė Respublikos g. 25 dviejų kambarių butas'),(388,'lt','Namas\\ArcanaBundle\\Entity\\apartment','description','10','Naujojoje Akmenėje Respublikos g. 25 parduodamas šiuolaikiškai įrengtas 46,37 kv.m. dviejų kambarių butas pirmame aukšte. Butas jaukus ir šiltas, nepereinami kambariai. Langai plastikiniai, orientuoti į skirtingas puses. Įstiklintas balkonas. Sienos šviesių spalvų tapetai. Grindų danga – laminatas. Paliekamas integruotas virtuvės komplektas. Erdvus vonios ir tualeto kambarys. Šarvo durys. Naujai išdažyta laiptinė, koduotos durys. Arti prekybos centras, mokykla, vaikų darželis.\r\nKaina – 32000 Lt (9300 Eurų).'),(389,'lt','Namas\\ArcanaBundle\\Entity\\apartment','operation','10','sell'),(390,'lt','Namas\\ArcanaBundle\\Entity\\image','title','70','Naujoji Akmenė Respublikos g. 25 dviejų kambarių butas'),(391,'lt','Namas\\ArcanaBundle\\Entity\\image','description','70','N. Akmenė Respublikos g. 25'),(392,'lt','Namas\\ArcanaBundle\\Entity\\image','title','71','Naujoji Akmenė Respublikos g. 25 dviejų kambarių butas'),(393,'lt','Namas\\ArcanaBundle\\Entity\\image','description','71','Salonas'),(394,'lt','Namas\\ArcanaBundle\\Entity\\image','title','72','Naujoji Akmenė Respublikos g. 25 dviejų kambarių butas'),(395,'lt','Namas\\ArcanaBundle\\Entity\\image','description','72','Salonas'),(396,'lt','Namas\\ArcanaBundle\\Entity\\image','title','73','Naujoji Akmenė Respublikos g. 25 dviejų kambarių butas'),(397,'lt','Namas\\ArcanaBundle\\Entity\\image','description','73','Miegamasis'),(398,'lt','Namas\\ArcanaBundle\\Entity\\image','title','74','Naujoji Akmenė Respublikos g. 25 dviejų kambarių butas'),(399,'lt','Namas\\ArcanaBundle\\Entity\\image','description','74','Virtuvė'),(400,'lt','Namas\\ArcanaBundle\\Entity\\image','title','75','Naujoji Akmenė Respublikos g. 25 dviejų kambarių butas'),(401,'lt','Namas\\ArcanaBundle\\Entity\\image','description','75','Virtuvė'),(402,'lt','Namas\\ArcanaBundle\\Entity\\image','title','76','Naujoji Akmenė Respublikos g. 25 dviejų kambarių butas'),(403,'lt','Namas\\ArcanaBundle\\Entity\\image','description','76','Virtuvė'),(404,'lt','Namas\\ArcanaBundle\\Entity\\image','title','77','Naujoji Akmenė Respublikos g. 25 dviejų kambarių butas'),(405,'lt','Namas\\ArcanaBundle\\Entity\\image','description','77','Koridorius'),(406,'lt','Namas\\ArcanaBundle\\Entity\\image','title','78','Naujoji Akmenė Respublikos g. 25 dviejų kambarių butas'),(407,'lt','Namas\\ArcanaBundle\\Entity\\image','description','78','Vonios kambarys'),(408,'lt','Namas\\ArcanaBundle\\Entity\\image','title','79','Naujoji Akmenė Respublikos g. 25 dviejų kambarių butas'),(409,'lt','Namas\\ArcanaBundle\\Entity\\image','description','79','Lauko durys'),(410,'ru','Namas\\ArcanaBundle\\Entity\\apartment','address','10','Науйойи Акмяне ул. Республикос д. 25'),(411,'ru','Namas\\ArcanaBundle\\Entity\\apartment','title','10','Науйойи Акмяне ул. Республикос д. 25 двухкомнатная квартира'),(412,'ru','Namas\\ArcanaBundle\\Entity\\apartment','description','10','В городе Науйойи Акмяне, ул. Республикос д. 25 продается хорошо оборудованная, уютная и теплая двухкомнатная квартира. Площадь – 46,37 кв. м. Первый этаж. Установлены новые качественные теплосберегающие окна, застекленный балкон, на полу – ламинат. Новые внутренние двери и металлическая входная дверь. Комнаты не проходные, обои светлых нежных тонов. Оставлен кухонный комплект. Просторная ванная комната и туалет (совмещенные). Недавно покрашенный подъезд. Дверь с кодовым замком. Рядом с домом находится детский сад, школа и торговый центр. Цена – 9300 евро.'),(413,'ru','Namas\\ArcanaBundle\\Entity\\apartment','operation','10','sell'),(414,'lt','Namas\\ArcanaBundle\\Entity\\apartment','address','11','Akmenės m. Stadiono g. 17'),(415,'lt','Namas\\ArcanaBundle\\Entity\\apartment','title','11','Akmenės m. Stadiono g. 17 trijų kambarių butas'),(416,'lt','Namas\\ArcanaBundle\\Entity\\apartment','description','11','Akmenės miestelyje Stadiono g. 17 renovuotame name parduodamas 66,08 kv.m. trijų kambarių butas penktame aukšte. Butas jaukus ir tvarkingas, gero išplanavimo. Nepereinami kambariai, plastikiniai langai, įstiklintas didelis erdvus balkonas. Langai orientuoti į skirtingas puses. Vonia ir tualetas atskirai. Įrengta reguliuojama šildymo sistema, minimalios šildymo išlaidos. Naujos buto durys bei koduotos laiptinės durys. Tvarkingas kiemas ir graži aplinka. Priešais namą yra bendro naudojimo automobilių  stovėjimo aikštelė. Arti parduotuvė, mokykla, vaikų darželis. Kaina – 17000 Lt.'),(417,'lt','Namas\\ArcanaBundle\\Entity\\apartment','operation','11','sell'),(418,'lt','Namas\\ArcanaBundle\\Entity\\image','title','80','Akmenės m. Stadiono g. 17 trijų kambarių butas'),(419,'lt','Namas\\ArcanaBundle\\Entity\\image','description','80','Akmenės m. Stadiono g. 17'),(420,'lt','Namas\\ArcanaBundle\\Entity\\image','title','81','Įrengta reguliuojama šildymo sistema'),(421,'lt','Namas\\ArcanaBundle\\Entity\\image','description','81','Lauko durys'),(422,'lt','Namas\\ArcanaBundle\\Entity\\image','title','82','Įrengta reguliuojama šildymo sistema'),(423,'lt','Namas\\ArcanaBundle\\Entity\\image','description','82','Kambarys Nr. 1'),(424,'lt','Namas\\ArcanaBundle\\Entity\\image','title','83','Įrengta reguliuojama šildymo sistema'),(425,'lt','Namas\\ArcanaBundle\\Entity\\image','description','83','Kambarys Nr. 1'),(426,'lt','Namas\\ArcanaBundle\\Entity\\image','title','84','Įrengta reguliuojama šildymo sistema'),(427,'lt','Namas\\ArcanaBundle\\Entity\\image','description','84','Kambarys Nr. 2'),(428,'lt','Namas\\ArcanaBundle\\Entity\\image','title','85','Įrengta reguliuojama šildymo sistema'),(429,'lt','Namas\\ArcanaBundle\\Entity\\image','description','85','Kambarys Nr. 2'),(430,'lt','Namas\\ArcanaBundle\\Entity\\image','title','86','Įrengta reguliuojama šildymo sistema'),(431,'lt','Namas\\ArcanaBundle\\Entity\\image','description','86','Kambarys Nr. 3'),(432,'lt','Namas\\ArcanaBundle\\Entity\\image','title','87','Įrengta reguliuojama šildymo sistema'),(433,'lt','Namas\\ArcanaBundle\\Entity\\image','description','87','Kambarys Nr. 3'),(434,'lt','Namas\\ArcanaBundle\\Entity\\image','title','88','Įrengta reguliuojama šildymo sistema'),(435,'lt','Namas\\ArcanaBundle\\Entity\\image','description','88','Virtuvė'),(436,'lt','Namas\\ArcanaBundle\\Entity\\image','title','89','Įrengta reguliuojama šildymo sistema'),(437,'lt','Namas\\ArcanaBundle\\Entity\\image','description','89','Automobilių stovėjimo aikštelė'),(438,'ru','Namas\\ArcanaBundle\\Entity\\apartment','address','11','г. Акмяне ул. Стадионо д. 17'),(439,'ru','Namas\\ArcanaBundle\\Entity\\apartment','title','11','г. Акмяне ул. Стадионо д. 17 трехкомнатная квартира'),(440,'ru','Namas\\ArcanaBundle\\Entity\\apartment','description','11','В городе Акмяне по ул. Стадионо д. 17 продаётся трёхкомнатная  квартира площадью 66,08 кв.м., на пятом этаже. В доме проведена реновация. Квартира хорошей планировки, уютная и аккуратная. Комнаты непроходные, установлены новые пластиковые окна, имеется просторный застекленный балкон (на две комнаты). Окна выходят на разные стороны. Раздельная ванная комната и туалет. Оборудована регулируемая система отопления с возможностью регулировать температуру в каждой комнате отдельно, что значительно уменьшает расходы на отопление. Новая входная дверь и кодированный замок на входной двери в подъезде. Аккуратный двор и дивописное окружение. Напротив дома есть автомобильная стоянка общего пользования. Недалеко расположен детский сад, школа и торговый центр. Для получения визы имеется возможность прописать четырех людей. Цена – 4900 евро.'),(441,'ru','Namas\\ArcanaBundle\\Entity\\apartment','operation','11','sell'),(442,'lt','Namas\\ArcanaBundle\\Entity\\apartment','address','12','Vievio m. Stoties g. 45A'),(443,'lt','Namas\\ArcanaBundle\\Entity\\apartment','title','12','Vievio m. Stoties g. 45A kambarys bendrabutyje'),(444,'lt','Namas\\ArcanaBundle\\Entity\\apartment','description','12','Vievio m. Stoties g. 45A parduodamas erdvus 19,50 kv. m. kambarys bendrabutyje. Kambarys yra antrame aukšte iš trijų. Pakeistas naujas plastikinis langas. Kambarys tvarkingas, ant sienų švelnų spalvų tapetai. Bute yra vandens tiekimas, tačiau nėra kanalizacijos. Bendrabutis randasi labai gražioje vietovėje. Netoli geležinkelio stotis. Geras susisiekimas su Vilniumi. Kaina – 19500 Lt (5700 Eurų).'),(445,'lt','Namas\\ArcanaBundle\\Entity\\apartment','operation','12','sell'),(446,'lt','Namas\\ArcanaBundle\\Entity\\image','title','90','Vievio m. Stoties g. 45A kambarys bendrabutyje'),(447,'lt','Namas\\ArcanaBundle\\Entity\\image','description','90','Vievio m. Stoties g. 45A'),(448,'lt','Namas\\ArcanaBundle\\Entity\\image','title','91','Vievio m. Stoties g. 45A kambarys bendrabutyje'),(449,'lt','Namas\\ArcanaBundle\\Entity\\image','description','91','Vievio m. Stoties g. 45A'),(450,'lt','Namas\\ArcanaBundle\\Entity\\image','title','92','Vievio m. Stoties g. 45A kambarys bendrabutyje'),(451,'lt','Namas\\ArcanaBundle\\Entity\\image','description','92','Kambarys'),(452,'lt','Namas\\ArcanaBundle\\Entity\\image','title','93','Vievio m. Stoties g. 45A kambarys bendrabutyje'),(453,'lt','Namas\\ArcanaBundle\\Entity\\image','description','93','Kambarys'),(454,'lt','Namas\\ArcanaBundle\\Entity\\image','title','94','Vievio m. Stoties g. 45A kambarys bendrabutyje'),(455,'lt','Namas\\ArcanaBundle\\Entity\\image','description','94','Kambarys'),(456,'ru','Namas\\ArcanaBundle\\Entity\\apartment','address','12','г. Виевис, ул. Стотес 45А'),(457,'ru','Namas\\ArcanaBundle\\Entity\\apartment','title','12','г. Виевис, ул. Стотес 45А комната в общежитии'),(458,'ru','Namas\\ArcanaBundle\\Entity\\apartment','description','12','В городе Виевис по ул. Стотес 45А продается комната в общежитии. Площадь – 19,50 кв. м. Комната находится на втором этаже трехэтажного здания. Установлено новое качественное теплосберегающее окно. Комната аккуратная, на стенах обои нежных тонов. В комнате есть подача воды, но нет канализации. Общежитие расположено в очень живописном месте. Рядом находится железнодорожный вокзал. Хорошее сообщение с Вильнюсом. Цена – 5700 евро.'),(459,'ru','Namas\\ArcanaBundle\\Entity\\apartment','operation','12','sell'),(464,'lt','Namas\\ArcanaBundle\\Entity\\image','title','95','Naujoji Akmenė V. Kudirkos g. 12 dviejų kambarių butas'),(465,'lt','Namas\\ArcanaBundle\\Entity\\image','description','95','N. Akmenė V. Kudirkos g. 12'),(466,'lt','Namas\\ArcanaBundle\\Entity\\image','title','96','Naujoji Akmenė V. Kudirkos g. 12 dviejų kambarių butas'),(467,'lt','Namas\\ArcanaBundle\\Entity\\image','description','96','N. Akmenė V. Kudirkos g. 12'),(468,'lt','Namas\\ArcanaBundle\\Entity\\image','title','97','Naujoji Akmenė V. Kudirkos g. 12 dviejų kambarių butas'),(469,'lt','Namas\\ArcanaBundle\\Entity\\image','description','97','Kambarys'),(470,'lt','Namas\\ArcanaBundle\\Entity\\image','title','98','Naujoji Akmenė V. Kudirkos g. 12 dviejų kambarių butas'),(471,'lt','Namas\\ArcanaBundle\\Entity\\image','description','98','Kambarys'),(472,'lt','Namas\\ArcanaBundle\\Entity\\image','title','99','Naujoji Akmenė V. Kudirkos g. 12 dviejų kambarių butas'),(473,'lt','Namas\\ArcanaBundle\\Entity\\image','description','99','Kambarys'),(474,'lt','Namas\\ArcanaBundle\\Entity\\image','title','100','Naujoji Akmenė V. Kudirkos g. 12 dviejų kambarių butas'),(475,'lt','Namas\\ArcanaBundle\\Entity\\image','description','100','Durys'),(476,'lt','Namas\\ArcanaBundle\\Entity\\image','title','101','Naujoji Akmenė V. Kudirkos g. 12 dviejų kambarių butas'),(477,'lt','Namas\\ArcanaBundle\\Entity\\image','description','101','Virtuvė'),(478,'lt','Namas\\ArcanaBundle\\Entity\\image','title','102','Naujoji Akmenė V. Kudirkos g. 12 dviejų kambarių butas'),(479,'lt','Namas\\ArcanaBundle\\Entity\\image','description','102','Vonia'),(483,'lt','Namas\\ArcanaBundle\\Entity\\apartment','address','13','Akmenės m. Laižuvos g. 10'),(484,'lt','Namas\\ArcanaBundle\\Entity\\apartment','title','13','Akmenės m. Laižuvos g. 10 dviejų kambarių butas'),(485,'lt','Namas\\ArcanaBundle\\Entity\\apartment','description','13','Akmenės miestelyje Laižuvos g. 10 parduodamas 52 kv.m. dviejų kambarių butas ketvirtame aukšte. Butas erdvus, jaukus ir tvarkingas. Du nepereinami kambariai. Bute padarytas remontas, pakeisti langai, įstiklintas balkonas. Medinės lauko durys. Vonia ir tualetas atskiri. Erdvus prieškambaris. Arti parduotuvė, vaikų darželis, mokykla. Šalia namo bendro naudojimo automobilių stovėjimo aikštelė. Kaina – 16000 Lt'),(486,'lt','Namas\\ArcanaBundle\\Entity\\apartment','operation','13','sell'),(487,'lt','Namas\\ArcanaBundle\\Entity\\image','title','103','Akmenės m. Laižuvos g. 10 dviejų kambarių butas'),(488,'lt','Namas\\ArcanaBundle\\Entity\\image','description','103','Akmenės m. Laižuvos g. 10'),(489,'lt','Namas\\ArcanaBundle\\Entity\\image','title','104','Akmenės m. Laižuvos g. 10 dviejų kambarių butas'),(490,'lt','Namas\\ArcanaBundle\\Entity\\image','description','104','Akmenės m. Laižuvos g. 10'),(491,'lt','Namas\\ArcanaBundle\\Entity\\image','title','105','Akmenės m. Laižuvos g. 10 dviejų kambarių butas'),(492,'lt','Namas\\ArcanaBundle\\Entity\\image','description','105','Lauko durys'),(493,'lt','Namas\\ArcanaBundle\\Entity\\image','title','106','Akmenės m. Laižuvos g. 10 dviejų kambarių butas'),(494,'lt','Namas\\ArcanaBundle\\Entity\\image','description','106','Salonas'),(495,'lt','Namas\\ArcanaBundle\\Entity\\image','title','107','Akmenės m. Laižuvos g. 10 dviejų kambarių butas'),(496,'lt','Namas\\ArcanaBundle\\Entity\\image','description','107','Miegamasis'),(497,'lt','Namas\\ArcanaBundle\\Entity\\image','title','108','Akmenės m. Laižuvos g. 10 dviejų kambarių butas'),(498,'lt','Namas\\ArcanaBundle\\Entity\\image','description','108','Virtuvė'),(499,'lt','Namas\\ArcanaBundle\\Entity\\image','title','109','Akmenės m. Laižuvos g. 10 dviejų kambarių butas'),(500,'lt','Namas\\ArcanaBundle\\Entity\\image','description','109','Tualetas'),(501,'ru','Namas\\ArcanaBundle\\Entity\\apartment','address','13','г. Акмяне ул. Лайжувос д. 10'),(502,'ru','Namas\\ArcanaBundle\\Entity\\apartment','title','13','г. Акмяне ул. Лайжувос д. 10 двухкомнатная квартира'),(503,'ru','Namas\\ArcanaBundle\\Entity\\apartment','description','13','В городке Акмяне по ул. Лайжувос д. 10 продаётся  двухкомнатная квартира площадью 52 кв.м. на четвертом этаже пятиэтажного дома. Квартира просторная, уютная и аккуратная. Две отдельные непроходные комнаты. Сделан ремонт, заменены окна, застеклен балкон. Деревянная входная дверь. Ванная комната и туалет раздельные. Просторный коридор. Недалеко школа, детский сад, торговый  центр. Рядом с домом расположена автомобильная парковка общего пользования. Для получения визы , можно прописать трёх человек. Цена 4600 евро.'),(504,'ru','Namas\\ArcanaBundle\\Entity\\apartment','operation','13','sell'),(505,'lt','Namas\\ArcanaBundle\\Entity\\apartment','address','14','Naujoji Akmenė Nepriklausomybės al. 27'),(506,'lt','Namas\\ArcanaBundle\\Entity\\apartment','title','14','Naujoji Akmenė Nepriklausomybės al. 27 vieno kambario butas'),(507,'lt','Namas\\ArcanaBundle\\Entity\\apartment','description','14','Naujojoje Akmenėje Nepriklausomybės al. 27 renovuotame name parduodamas suremontuotas 38 kv.m. vieno kambario butas su autonominiu šildymu. Yra židinys. Nauja santechnika, elektros instaliacija. Naujos buto durys. Sudėti plastikiniai langai. Butas tinka įvairiai komercinei veiklai. Šalia naujai restauruoti kultūros namai, poilsio skveras. Kaina – 25000 Lt.'),(508,'lt','Namas\\ArcanaBundle\\Entity\\apartment','operation','14','sell'),(509,'lt','Namas\\ArcanaBundle\\Entity\\image','title','110','Naujoji Akmenė Nepriklausomybės al. 27 vieno kambario butas'),(510,'lt','Namas\\ArcanaBundle\\Entity\\image','description','110','Naujoji Akmenė Nepriklausomybės al. 27'),(511,'lt','Namas\\ArcanaBundle\\Entity\\image','title','111','Naujoji Akmenė Nepriklausomybės al. 27 vieno kambario butas'),(512,'lt','Namas\\ArcanaBundle\\Entity\\image','description','111','Naujoji Akmenė Nepriklausomybės al. 27'),(513,'lt','Namas\\ArcanaBundle\\Entity\\image','title','112','Naujoji Akmenė Nepriklausomybės al. 27 vieno kambario butas'),(514,'lt','Namas\\ArcanaBundle\\Entity\\image','description','112','Kambarys'),(515,'lt','Namas\\ArcanaBundle\\Entity\\image','title','113','Naujoji Akmenė Nepriklausomybės al. 27 vieno kambario butas'),(516,'lt','Namas\\ArcanaBundle\\Entity\\image','description','113','Kambarys'),(517,'lt','Namas\\ArcanaBundle\\Entity\\image','title','114','Naujoji Akmenė Nepriklausomybės al. 27 vieno kambario butas'),(518,'lt','Namas\\ArcanaBundle\\Entity\\image','description','114','Virtuvė'),(519,'lt','Namas\\ArcanaBundle\\Entity\\image','title','115','Naujoji Akmenė Nepriklausomybės al. 27 vieno kambario butas'),(520,'lt','Namas\\ArcanaBundle\\Entity\\image','description','115','Koridorius'),(521,'lt','Namas\\ArcanaBundle\\Entity\\image','title','116','Naujoji Akmenė Nepriklausomybės al. 27 vieno kambario butas'),(522,'lt','Namas\\ArcanaBundle\\Entity\\image','description','116','Naujoji Akmenė Nepriklausomybės al. 27'),(523,'ru','Namas\\ArcanaBundle\\Entity\\apartment','address','14','Науйойи Акмяне ал. Наприклаусомибес д. 27'),(524,'ru','Namas\\ArcanaBundle\\Entity\\apartment','title','14','Науйойи Акмяне ал. Наприклаусомибес д. 27 однокомнатная квартира'),(525,'ru','Namas\\ArcanaBundle\\Entity\\apartment','description','14','В городе Науйойи Акмяне по ал. Неприклаусомибес 27 продется однокомнатная квартира с автономным отоплением, площадь – 38 кв.м. В доме проведена реновация. В квартире сделан ремонт, заменена сантехника, новая электропроводка. Установлены новые входные двери, новые теплосберегающие окна. Квартира подходит для коммерческой деятельности. Рядом находится Дом культуры и сквер для отдыха. Цена – 6800 евро.'),(526,'ru','Namas\\ArcanaBundle\\Entity\\apartment','operation','14','sell'),(527,'lt','Namas\\ArcanaBundle\\Entity\\apartment','address','15','Naujoji Akmenė Nepriklausomybės al. 33'),(528,'lt','Namas\\ArcanaBundle\\Entity\\apartment','title','15','Naujoji Akmenė Nepriklausomybės al. 33 dviejų kambarių butas'),(529,'lt','Namas\\ArcanaBundle\\Entity\\apartment','description','15','Naujojoje Akmenėje Nepriklausomybės al. 33 parduodamas dviejų kambarių 45 kv.m. butas antrame aukšte iš dviejų. Geras išplanavimas, nepereinami kambariai. Plastikiniai langai, balkonas. Namas naujai renovuotas. Kieme yra butui priklausantis sandėliukas. Kaina – 26500 Lt.'),(530,'lt','Namas\\ArcanaBundle\\Entity\\apartment','operation','15','sell'),(531,'lt','Namas\\ArcanaBundle\\Entity\\image','title','117','Naujoji Akmenė Nepriklausomybės al. 33 dviejų kambarių butas'),(532,'lt','Namas\\ArcanaBundle\\Entity\\image','description','117','Naujoji Akmenė Nepriklausomybės al. 33'),(533,'lt','Namas\\ArcanaBundle\\Entity\\image','title','118','Naujoji Akmenė Nepriklausomybės al. 33 dviejų kambarių butas'),(534,'lt','Namas\\ArcanaBundle\\Entity\\image','description','118','Naujoji Akmenė Nepriklausomybės al. 33'),(535,'lt','Namas\\ArcanaBundle\\Entity\\image','title','119','Naujoji Akmenė Nepriklausomybės al. 33 dviejų kambarių butas'),(536,'lt','Namas\\ArcanaBundle\\Entity\\image','description','119','Kambarys'),(537,'lt','Namas\\ArcanaBundle\\Entity\\image','title','120','Naujoji Akmenė Nepriklausomybės al. 33 dviejų kambarių butas'),(538,'lt','Namas\\ArcanaBundle\\Entity\\image','description','120','Kambarys'),(539,'lt','Namas\\ArcanaBundle\\Entity\\image','title','121','Naujoji Akmenė Nepriklausomybės al. 33 dviejų kambarių butas'),(540,'lt','Namas\\ArcanaBundle\\Entity\\image','description','121','Prieškambaris'),(541,'lt','Namas\\ArcanaBundle\\Entity\\image','title','122','Naujoji Akmenė Nepriklausomybės al. 33 dviejų kambarių butas'),(542,'lt','Namas\\ArcanaBundle\\Entity\\image','description','122','Laiptinė'),(543,'ru','Namas\\ArcanaBundle\\Entity\\apartment','address','15','Науйойи Акмяне ал. Неприклаусомибес д. 33'),(544,'ru','Namas\\ArcanaBundle\\Entity\\apartment','title','15','Науйойи Акмяне ал. Неприклаусомибес д. 33 двухкомнатная квартира'),(545,'ru','Namas\\ArcanaBundle\\Entity\\apartment','description','15','В городе Науйойи Акмяне по ал. Неприклаусомибес 33 продется двухкомнатная квартира площадью 45 кв.м. Квартира находится на втором этаже двухэтажного дома. Хорошая планировка, непроходные комнаты. Установлены новые теплосберегающие окна, есть балкон. В доме проведена реновация. Во дворе имеется принадлежащее квартире подсобное строение. Цена – 7700 евро'),(546,'ru','Namas\\ArcanaBundle\\Entity\\apartment','operation','15','sell'),(547,'lt','Namas\\ArcanaBundle\\Entity\\apartment','address','16','Akmenės m. Stadiono g. 17'),(548,'lt','Namas\\ArcanaBundle\\Entity\\apartment','title','16','Akmenės m. Stadiono g. 17 dviejų kambarių butas'),(549,'lt','Namas\\ArcanaBundle\\Entity\\apartment','description','16','Akmenės miestelyje Stadiono g. 17 parduodamas 52,53 kv.m. dviejų kambarių butas penktame aukšte. Bute atjungtas šildymas. Geras išplanavimas, nepereinami kambariai, įstiklintas balkonas. Langai orientuoti į skirtingas puses. Vonia ir tualetas atskiri. Medinės lauko durys. Namui, laiptinei ir kiemui naujai atlikta renovacija. Name pakeistas stogas, apšildytos sienos. Laiptinė naujai išdažyta, pakeisti langai, naujos koduotos lauko durys. Arti parduotuvė, mokykla, darželis. Kaina – 18000 Lt'),(550,'lt','Namas\\ArcanaBundle\\Entity\\apartment','operation','16','sell'),(551,'lt','Namas\\ArcanaBundle\\Entity\\image','title','123','Akmenės m. Stadiono g. 17 dviejų kambarių butas'),(552,'lt','Namas\\ArcanaBundle\\Entity\\image','description','123','Akmenės m. Stadiono g. 17'),(553,'lt','Namas\\ArcanaBundle\\Entity\\image','title','124','Akmenės m. Stadiono g. 17 dviejų kambarių butas'),(554,'lt','Namas\\ArcanaBundle\\Entity\\image','description','124','Akmenės m. Stadiono g. 17'),(555,'lt','Namas\\ArcanaBundle\\Entity\\image','title','125','Akmenės m. Stadiono g. 17 dviejų kambarių butas'),(556,'lt','Namas\\ArcanaBundle\\Entity\\image','description','125','Renovuota laiptinė'),(557,'lt','Namas\\ArcanaBundle\\Entity\\image','title','126','Akmenės m. Stadiono g. 17 dviejų kambarių butas'),(558,'lt','Namas\\ArcanaBundle\\Entity\\image','description','126','Lauko durys'),(559,'lt','Namas\\ArcanaBundle\\Entity\\image','title','127','Akmenės m. Stadiono g. 17 dviejų kambarių butas'),(560,'lt','Namas\\ArcanaBundle\\Entity\\image','description','127','Kambarys Nr. 1'),(561,'lt','Namas\\ArcanaBundle\\Entity\\image','title','128','Akmenės m. Stadiono g. 17 dviejų kambarių butas'),(562,'lt','Namas\\ArcanaBundle\\Entity\\image','description','128','Kambarys Nr. 1'),(563,'lt','Namas\\ArcanaBundle\\Entity\\image','title','129','Akmenės m. Stadiono g. 17 dviejų kambarių butas'),(564,'lt','Namas\\ArcanaBundle\\Entity\\image','description','129','Kambarys Nr. 2'),(565,'lt','Namas\\ArcanaBundle\\Entity\\image','title','130','Akmenės m. Stadiono g. 17 dviejų kambarių butas'),(566,'lt','Namas\\ArcanaBundle\\Entity\\image','description','130','Virtuvė'),(567,'lt','Namas\\ArcanaBundle\\Entity\\image','title','131','Akmenės m. Stadiono g. 17 dviejų kambarių butas'),(568,'lt','Namas\\ArcanaBundle\\Entity\\image','description','131','Vonia'),(569,'lt','Namas\\ArcanaBundle\\Entity\\image','title','132','Akmenės m. Stadiono g. 17 dviejų kambarių butas'),(570,'lt','Namas\\ArcanaBundle\\Entity\\image','description','132','Tualetas'),(571,'lt','Namas\\ArcanaBundle\\Entity\\image','title','133','Akmenės m. Stadiono g. 17 dviejų kambarių butas'),(572,'lt','Namas\\ArcanaBundle\\Entity\\image','description','133','Stiklintas balkonas'),(573,'ru','Namas\\ArcanaBundle\\Entity\\apartment','address','16','Акмяне ул. Стадионо д. 17'),(574,'ru','Namas\\ArcanaBundle\\Entity\\apartment','title','16','Акмяне ул. Стадионо д. 17 двухкомнатная квартира'),(575,'ru','Namas\\ArcanaBundle\\Entity\\apartment','description','16','В городке Акмяне по ул. Стадионо д. 17 продаётся  двухкомнатная квартира площадью 52,53 кв.м. на пятом этаже пятиэтажного дома. В квартире отключено отопление. Хорошая планировка, непроходные комнаты, застекленный балкон. Туалет и ванная комната раздельные. Деревянная входная дверь. Дом, подъезд и двор после реновации. В доме заменена крыша, утеплены стены. Подъезд покрашен, заменены окна, установлена новая входная кодированная дверь. Рядом магазин, детский сад и школа. Для получения визы в Литву, можно прописать трёх человек. Цена 5200 евро.'),(576,'ru','Namas\\ArcanaBundle\\Entity\\apartment','operation','16','sell'),(577,'lt','Namas\\ArcanaBundle\\Entity\\apartment','address','17','Naujoji Akmenė Respublikos g. 18'),(578,'lt','Namas\\ArcanaBundle\\Entity\\apartment','title','17','Naujoji Akmenė Respublikos g. 18 vieno kambario butas'),(579,'lt','Namas\\ArcanaBundle\\Entity\\apartment','description','17','Naujojoje Akmenėje , Respublikos g. 18 parduodamas tvarkingas 32,98 kv.m. vieno kambario butas pirmame aukšte. Langai į pietų pusę. Vonia ir tualetas atskirai. Didelis erdvus prieškambaris. Šarvo durys. Arti vaikų darželis mokykla, prekybos centras. Kaina 11000 Lt (3300 eurų)'),(580,'lt','Namas\\ArcanaBundle\\Entity\\apartment','operation','17','sell'),(581,'lt','Namas\\ArcanaBundle\\Entity\\image','title','134','Naujoji Akmenė Respublikos g. 18 vieno kambario butas'),(582,'lt','Namas\\ArcanaBundle\\Entity\\image','description','134','Naujoji Akmenė Respublikos g. 18'),(583,'lt','Namas\\ArcanaBundle\\Entity\\image','title','135','Naujoji Akmenė Respublikos g. 18 vieno kambario butas'),(584,'lt','Namas\\ArcanaBundle\\Entity\\image','description','135','Naujoji Akmenė Respublikos g. 18'),(585,'lt','Namas\\ArcanaBundle\\Entity\\image','title','136','Naujoji Akmenė Respublikos g. 18 vieno kambario butas'),(586,'lt','Namas\\ArcanaBundle\\Entity\\image','description','136','Lauko durys'),(593,'lt','Namas\\ArcanaBundle\\Entity\\image','title','140','Naujoji Akmenė Respublikos g. 18 vieno kambario butas'),(594,'lt','Namas\\ArcanaBundle\\Entity\\image','description','140','Vonios kambarys'),(595,'lt','Namas\\ArcanaBundle\\Entity\\image','title','141','Naujoji Akmenė Respublikos g. 18 vieno kambario butas'),(596,'lt','Namas\\ArcanaBundle\\Entity\\image','description','141','Tualetas'),(597,'ru','Namas\\ArcanaBundle\\Entity\\apartment','address','17','Науйойи Акмяне ул. Республикос д. 18'),(598,'ru','Namas\\ArcanaBundle\\Entity\\apartment','title','17','Науйойи Акмяне ул. Республикос д. 18 однокомнатная квартира'),(599,'ru','Namas\\ArcanaBundle\\Entity\\apartment','description','17','В городе Науйойи Акмяне по ул. Республикос д. 18 продаётся уютная однокомнатная квартира площадью 32, 98  кв. м. Первый этаж. Окна выходят на юг. Большая, просторная прихожая. Отдельные туалет и ванная комната. Центральное городское отопление. Установлена новая металлическая входная дверь. Рядом с домом находится детский сад, школа, торговый центр. \r\nЦена – 3300 Евро'),(600,'ru','Namas\\ArcanaBundle\\Entity\\apartment','operation','17','sell'),(604,'lt','Namas\\ArcanaBundle\\Entity\\commercial','title','2','Ventos  m. Žemaičių g. 47 komercines patalpos su atskiru įėjimu'),(605,'lt','Namas\\ArcanaBundle\\Entity\\commercial','address','2','Ventos  m. Žemaičių g. 47'),(606,'lt','Namas\\ArcanaBundle\\Entity\\commercial','description','2','Ventos  m. Žemaičių g. 47 parduodamos komercines patalpos su atskiru įėjimu. Bendras plotas – 114,81 kv. m. Patalpose įrengtas autonominis šildymas (elektra), kas ženkliai mažina patalpų išlaikymo išlaidas. Tualetas ir vonia atskiri. Dalinai pakeisti langai, įstiklintas balkonas, ant sienų šviesių atspalvių tapetai. Labai geras ir patogus privažiavimas. Kaina 37 000 Lt (10800 eurų).'),(607,'lt','Namas\\ArcanaBundle\\Entity\\commercial','operation','2','sell'),(608,'ru','Namas\\ArcanaBundle\\Entity\\image','title','143','Ventos  m. Žemaičių g. 47 komercines patalpos su atskiru įėjimu'),(609,'ru','Namas\\ArcanaBundle\\Entity\\image','description','143','Ventos  m. Žemaičių g. 47'),(610,'ru','Namas\\ArcanaBundle\\Entity\\image','title','144','г. Вента ул. Жямайчю 47  помещение коммерческого назначения с отдельным входом'),(611,'ru','Namas\\ArcanaBundle\\Entity\\image','description','144','г. Вента ул. Жямайчю 47'),(612,'ru','Namas\\ArcanaBundle\\Entity\\commercial','title','2','г. Вента ул. Жямайчю д. 47  помещение коммерческого назначения с отдельным входом'),(613,'ru','Namas\\ArcanaBundle\\Entity\\commercial','address','2','г. Вента ул. Жямайчю д. 47'),(614,'ru','Namas\\ArcanaBundle\\Entity\\commercial','description','2','В г. Вента по ул. Жямайчю 47  продается помещение коммерческого назначения с отдельным входом. Общая площадь – 114,81 кв.м. Помещение оборудовано автономным отоплением (электричество), что значительно уменьшает расходы по содержанию. Туалет и ванная комната раздельные. Частично заменены окна, застеклен балкон, на стенах обои светлых тонов. Очень хорошая и удобная подъездная дорога. Цена – 10800 евро.'),(615,'ru','Namas\\ArcanaBundle\\Entity\\commercial','operation','2','sell'),(616,'ru','Namas\\ArcanaBundle\\Entity\\image','title','145','г. Вента ул. Жямайчю 47  помещение коммерческого назначения с отдельным входом'),(617,'ru','Namas\\ArcanaBundle\\Entity\\image','description','145','г. Вента ул. Жямайчю д. 47'),(618,'ru','Namas\\ArcanaBundle\\Entity\\image','title','146','г. Вента ул. Жямайчю 47  помещение коммерческого назначения с отдельным входом'),(619,'ru','Namas\\ArcanaBundle\\Entity\\image','description','146','Помещение коммерческого назначения'),(620,'ru','Namas\\ArcanaBundle\\Entity\\image','title','147','г. Вента ул. Жямайчю д. 47  помещение коммерческого назначения с отдельным входом'),(621,'ru','Namas\\ArcanaBundle\\Entity\\image','description','147','Помещение коммерческого назначения'),(622,'ru','Namas\\ArcanaBundle\\Entity\\image','title','148','г. Вента ул. Жямайчю д. 47  помещение коммерческого назначения с отдельным входом'),(623,'ru','Namas\\ArcanaBundle\\Entity\\image','description','148','Помещение коммерческого назначения'),(624,'ru','Namas\\ArcanaBundle\\Entity\\image','title','149','г. Вента ул. Жямайчю д. 47  помещение коммерческого назначения с отдельным входом'),(625,'ru','Namas\\ArcanaBundle\\Entity\\image','description','149','Помещение коммерческого назначения'),(626,'ru','Namas\\ArcanaBundle\\Entity\\image','title','150','г. Вента ул. Жямайчю д. 47  помещение коммерческого назначения с отдельным входом'),(627,'ru','Namas\\ArcanaBundle\\Entity\\image','description','150','Помещение коммерческого назначения'),(628,'ru','Namas\\ArcanaBundle\\Entity\\image','title','151','г. Вента ул. Жямайчю д. 47  помещение коммерческого назначения с отдельным входом'),(629,'ru','Namas\\ArcanaBundle\\Entity\\image','description','151','Помещение коммерческого назначения'),(630,'ru','Namas\\ArcanaBundle\\Entity\\image','title','152','г. Вента ул. Жямайчю д. 47  помещение коммерческого назначения с отдельным входом'),(631,'ru','Namas\\ArcanaBundle\\Entity\\image','description','152','Помещение коммерческого назначения'),(632,'ru','Namas\\ArcanaBundle\\Entity\\image','title','153','г. Вента ул. Жямайчю д. 47  помещение коммерческого назначения с отдельным входом'),(633,'ru','Namas\\ArcanaBundle\\Entity\\image','description','153','Помещение коммерческого назначения'),(634,'ru','Namas\\ArcanaBundle\\Entity\\image','title','154','г. Вента ул. Жямайчю д. 47  помещение коммерческого назначения с отдельным входом'),(635,'ru','Namas\\ArcanaBundle\\Entity\\image','description','154','План помещения'),(636,'ru','Namas\\ArcanaBundle\\Entity\\commercial','title','1','Науйойи Акмяне ул. В. Кудиркос д. 12 коммерческое помещение'),(637,'ru','Namas\\ArcanaBundle\\Entity\\commercial','address','1','Науйойи Акмяне ул. В. Кудиркос д. 12'),(638,'ru','Namas\\ArcanaBundle\\Entity\\commercial','description','1','В городе Науйойи Акмяне по ул. Кудиркос д. 12 продаётся двухкомнатная  квартира площадью 41,27 кв. м. Квартира расположена на первом этаже пятиэтажного дома. Совмещенный санузел. Начата реновация дома. Установлены новые качественные теплосберегающие окна. Заменены все радтаторы и трубы. Установлена регулируемая система отопления (температуру в каждой комнате можно регулировать автономно). В настоящее время утепляется крыша и внешняя сторона дома. Квартира подходит для коммерческих целей. У дома в любое время можно припарковать машину. Рядом с домом находится торговый центр «Максима», школа, детский сад, автобусная станция. Цена – 3500 евро.'),(639,'ru','Namas\\ArcanaBundle\\Entity\\commercial','operation','1','sell'),(640,'ru','Namas\\ArcanaBundle\\Entity\\image','title','155','Naujoji Akmenė V. Kudirkos g. 12 dviejų kambarių butas'),(641,'ru','Namas\\ArcanaBundle\\Entity\\image','description','155','Naujoji Akmenė V. Kudirkos g. 12'),(642,'ru','Namas\\ArcanaBundle\\Entity\\image','title','156','Naujoji Akmenė V. Kudirkos g. 12 dviejų kambarių butas'),(643,'ru','Namas\\ArcanaBundle\\Entity\\image','description','156','Naujoji Akmenė V. Kudirkos g. 12'),(644,'ru','Namas\\ArcanaBundle\\Entity\\image','title','157','Naujoji Akmenė V. Kudirkos g. 12 dviejų kambarių butas'),(645,'ru','Namas\\ArcanaBundle\\Entity\\image','description','157','Kambarys'),(646,'ru','Namas\\ArcanaBundle\\Entity\\image','title','158','Naujoji Akmenė V. Kudirkos g. 12 dviejų kambarių butas'),(647,'ru','Namas\\ArcanaBundle\\Entity\\image','description','158','Kambarys'),(648,'ru','Namas\\ArcanaBundle\\Entity\\image','title','159','Naujoji Akmenė V. Kudirkos g. 12 dviejų kambarių butas'),(649,'ru','Namas\\ArcanaBundle\\Entity\\image','description','159','Kambarys'),(650,'ru','Namas\\ArcanaBundle\\Entity\\image','title','160','Naujoji Akmenė V. Kudirkos g. 12 dviejų kambarių butas'),(651,'ru','Namas\\ArcanaBundle\\Entity\\image','description','160','Durys'),(652,'ru','Namas\\ArcanaBundle\\Entity\\image','title','161','Naujoji Akmenė V. Kudirkos g. 12 dviejų kambarių butas'),(653,'ru','Namas\\ArcanaBundle\\Entity\\image','description','161','Virtuvė'),(654,'ru','Namas\\ArcanaBundle\\Entity\\image','title','162','Naujoji Akmenė V. Kudirkos g. 12 dviejų kambarių butas'),(655,'ru','Namas\\ArcanaBundle\\Entity\\image','description','162','Vonios kambarys'),(656,'lt','Namas\\ArcanaBundle\\Entity\\commercial','title','1','Naujoji Akmenė V. Kudirkos g. 12 komercinės patalpos'),(657,'lt','Namas\\ArcanaBundle\\Entity\\commercial','address','1','Naujoji Akmenė V. Kudirkos g. 12'),(658,'lt','Namas\\ArcanaBundle\\Entity\\commercial','description','1','Naujojoje Akmenėje V. Kudirkos g. 12 parduodamas 41,27 kv.m. dviejų kambarių butas pirmame aukšte. Butas puikiai tinka komercinei veiklai. Pakeisti plastikiniai langai. Vonia ir tualetas kartu. Pradėta namo renovacija. Šiuo metu keičiami vamzdynai ir radiatoriai. Bus reguliuojama šildymo sistema (su galimybe atskirai reguliuoti temperatūrą kiekviename kambaryje). Bus apšildytas namo stogas bei jo išorė. Prie namo visą parą yra galimybė pasistatyta mašiną. Šalia parduotuvė, mokykla, vaikų darželis. Netoli PC „Maxima“, autobusų stotis. Kaina – 12000 Litų (3500 Eurų).'),(659,'lt','Namas\\ArcanaBundle\\Entity\\commercial','operation','1','sell'),(660,'lt','Namas\\ArcanaBundle\\Entity\\commercial','title','3','Naujoji Akmenė Ramučių g. komercinės patalpos'),(661,'lt','Namas\\ArcanaBundle\\Entity\\commercial','address','3','Naujoji Akmenė Ramučių g.'),(662,'lt','Namas\\ArcanaBundle\\Entity\\commercial','description','3','Naujojoje Akmenėje Ramučių g. parduodamos komercinės paskirties pastatos – mūrinis namukas 22,44 kv.m, puikiai tinkantis įvairiai komercinei veiklai (įsikuriant avalynės, televizorių–imtuvų taisyklai bei sandėliavimo paskirčiai). Į pastatą atvestas gamtinių dujų įvadas, galima pasidaryti autonominį šildymą. Šalia automobilių stovėjimo aikštelė, arti gimnazija, parduotuvė, vaikų darželis, turgus. Kaina – 6500 Lt (1800 eurų).'),(663,'lt','Namas\\ArcanaBundle\\Entity\\commercial','operation','3','sell'),(672,'ru','Namas\\ArcanaBundle\\Entity\\commercial','title','3','Науйойи Акмяне ул. Рамучю коммерческое помещение'),(673,'ru','Namas\\ArcanaBundle\\Entity\\commercial','address','3','Naujoji Akmenė Ramučių g.'),(674,'ru','Namas\\ArcanaBundle\\Entity\\commercial','description','3','В городе Науйойи Акмяне по ул. Рамучю продается небольшое каменное строение коммерческого назначения, площадь – 22,44 кв.м. Строение идиально подходит для различной коммерческой деятельности: обустройство мастерской по ремонту обуви, телевизоров, другой мелкой бытовой техники, а также в качестве склада. К строению подведен природный газ, можно установить автономное отопление. Рядом имеется автостоянка, магазин, рынок, детский сад и гимназия. Цена – 1800 евро.'),(675,'ru','Namas\\ArcanaBundle\\Entity\\commercial','operation','3','sell'),(676,'ru','Namas\\ArcanaBundle\\Entity\\image','title','167','Naujoji Akmenė Ramučių g. komercinės patalpos'),(677,'ru','Namas\\ArcanaBundle\\Entity\\image','description','167','Naujoji Akmenė Ramučių g. komercinės patalpos'),(678,'ru','Namas\\ArcanaBundle\\Entity\\image','title','168','Naujoji Akmenė Ramučių g. komercinės patalpos'),(679,'ru','Namas\\ArcanaBundle\\Entity\\image','description','168','Naujoji Akmenė Ramučių g. komercinės patalpos'),(680,'ru','Namas\\ArcanaBundle\\Entity\\image','title','169','Naujoji Akmenė Ramučių g. komercinės patalpos'),(681,'ru','Namas\\ArcanaBundle\\Entity\\image','description','169','Naujoji Akmenė Ramučių g. komercinės patalpos'),(682,'ru','Namas\\ArcanaBundle\\Entity\\image','title','170','Naujoji Akmenė Ramučių g. komercinės patalpos'),(683,'ru','Namas\\ArcanaBundle\\Entity\\image','description','170','Naujoji Akmenė Ramučių g. komercinės patalpos'),(684,'ru','Namas\\ArcanaBundle\\Entity\\image','title','171','Naujoji Akmenė Ramučių g. komercinės patalpos'),(685,'ru','Namas\\ArcanaBundle\\Entity\\image','description','171','Naujoji Akmenė Ramučių g. komercinės patalpos'),(686,'lt','Namas\\ArcanaBundle\\Entity\\commercial','title','4','Naujoji Akmenė P. Jodelės g. du sujungti garažai'),(687,'lt','Namas\\ArcanaBundle\\Entity\\commercial','address','4','Naujoji Akmenė P. Jodelės g.'),(688,'lt','Namas\\ArcanaBundle\\Entity\\commercial','description','4','Naujojoje Akmenėje P. Jodelės g. parduodami du sujungti garažai apie 50 kv.m. Po garažais rūsys, trifazė elektra, pastatyta kieto kuro šildymo krosnis. Garažai tinka sandėliavimui arba įvairiai gamybinei veiklai. Geras privažiavimas. Kaina – 12000 Lt (5000 eurų)'),(689,'lt','Namas\\ArcanaBundle\\Entity\\commercial','operation','4','sell'),(690,'lt','Namas\\ArcanaBundle\\Entity\\image','title','172','Naujoji Akmenė P. Jodelės g. du sujungti garažai'),(691,'lt','Namas\\ArcanaBundle\\Entity\\image','description','172','Naujoji Akmenė P. Jodelės g.'),(692,'lt','Namas\\ArcanaBundle\\Entity\\image','title','173','Naujoji Akmenė P. Jodelės g. du sujungti garažai'),(693,'lt','Namas\\ArcanaBundle\\Entity\\image','description','173','Naujoji Akmenė P. Jodelės g.'),(694,'lt','Namas\\ArcanaBundle\\Entity\\image','title','174','Naujoji Akmenė P. Jodelės g. du sujungti garažai'),(695,'lt','Namas\\ArcanaBundle\\Entity\\image','description','174','Naujoji Akmenė P. Jodelės g.'),(696,'lt','Namas\\ArcanaBundle\\Entity\\image','title','175','Naujoji Akmenė P. Jodelės g. du sujungti garažai'),(697,'lt','Namas\\ArcanaBundle\\Entity\\image','description','175','Naujoji Akmenė P. Jodelės g.'),(698,'lt','Namas\\ArcanaBundle\\Entity\\image','title','176','Naujoji Akmenė P. Jodelės g. du sujungti garažai'),(699,'lt','Namas\\ArcanaBundle\\Entity\\image','description','176','Naujoji Akmenė P. Jodelės g. du sujungti garažai'),(700,'lt','Namas\\ArcanaBundle\\Entity\\image','title','177','Naujoji Akmenė P. Jodelės g. du sujungti garažai'),(701,'lt','Namas\\ArcanaBundle\\Entity\\image','description','177','Naujoji Akmenė P. Jodelės g. du sujungti garažai'),(702,'ru','Namas\\ArcanaBundle\\Entity\\commercial','title','4','Науйойи Акмяне ул. П. Йодялес два соединенных гаража'),(703,'ru','Namas\\ArcanaBundle\\Entity\\commercial','address','4','Науйойи Акмяне ул. П. Йодялес'),(704,'ru','Namas\\ArcanaBundle\\Entity\\commercial','description','4','В городе Науйойи Акмяне по ул. П. Йодялес продаются два соединенных гаража площадью ок. 50 кв.м. Под гаражами имеется подвал, подсоединено трехфазовое электричество, установлена печка для отопления твердым топливом. Гаражи могут использоваться в качестве складов или для различной производственной деятельности. Имеется хороший подъезд. Цена – 5200 евро.'),(705,'ru','Namas\\ArcanaBundle\\Entity\\commercial','operation','4','sell'),(706,'lt','Namas\\ArcanaBundle\\Entity\\home','title','2','Naujoji Akmenė P. Jodelės g. 2А vieno aukšto kotedžas'),(707,'lt','Namas\\ArcanaBundle\\Entity\\home','address','2','Naujoji Akmenė P. Jodelės g. 2А'),(708,'lt','Namas\\ArcanaBundle\\Entity\\home','description','2','Naujojoje Akmenėje P. Jodelės g. parduodamas vieno aukšto 181 kv. m. kotedžas. Apšildytas namas, pakeistas stogas bei sudėti nauji plastikiniai langai. Vidus neįrengtas, tačiau paruošti visi projektai. Pagal projektą numatyta daryti terasą, kuri išeitų į pietinę pusę tiesiogiai iš svetainės. Yra galimybė įsirengti antrą aukštą. Gražiai sutvarkyta aplinka, apsodinta žalia veja. Kiemas bendras. Graži vieta. Galimas keitimas į žemę arba mišką bei gerą automobilį su jūsų priemoką. \r\nKaina – 115 000 Lt (33 000 eurų).'),(709,'lt','Namas\\ArcanaBundle\\Entity\\image','title','178','Naujoji Akmenė P. Jodelės g. 2А vieno aukšto kotedžas'),(710,'lt','Namas\\ArcanaBundle\\Entity\\image','description','178','Naujoji Akmenė P. Jodelės g. 2А vieno aukšto kotedžas'),(711,'lt','Namas\\ArcanaBundle\\Entity\\image','title','179','Naujoji Akmenė P. Jodelės g. 2А vieno aukšto kotedžas'),(712,'lt','Namas\\ArcanaBundle\\Entity\\image','description','179','Naujoji Akmenė P. Jodelės g. 2А vieno aukšto kotedžas'),(713,'lt','Namas\\ArcanaBundle\\Entity\\image','title','180','Naujoji Akmenė P. Jodelės g. 2А vieno aukšto kotedžas'),(714,'lt','Namas\\ArcanaBundle\\Entity\\image','description','180','Naujoji Akmenė P. Jodelės g. 2А vieno aukšto kotedžas'),(715,'lt','Namas\\ArcanaBundle\\Entity\\image','title','181','Naujoji Akmenė P. Jodelės g. 2А vieno aukšto kotedžas'),(716,'lt','Namas\\ArcanaBundle\\Entity\\image','description','181','Naujoji Akmenė P. Jodelės g. 2А vieno aukšto kotedžas'),(717,'lt','Namas\\ArcanaBundle\\Entity\\image','title','182','Naujoji Akmenė P. Jodelės g. 2А vieno aukšto kotedžas'),(718,'lt','Namas\\ArcanaBundle\\Entity\\image','description','182','Naujoji Akmenė P. Jodelės g. 2А vieno aukšto kotedžas'),(719,'lt','Namas\\ArcanaBundle\\Entity\\image','title','183','Naujoji Akmenė P. Jodelės g. 2А vieno aukšto kotedžas'),(720,'lt','Namas\\ArcanaBundle\\Entity\\image','description','183','Naujoji Akmenė P. Jodelės g. 2А vieno aukšto kotedžas'),(721,'lt','Namas\\ArcanaBundle\\Entity\\image','title','184','Naujoji Akmenė P. Jodelės g. 2А vieno aukšto kotedžas'),(722,'lt','Namas\\ArcanaBundle\\Entity\\image','description','184','Naujoji Akmenė P. Jodelės g. 2А vieno aukšto kotedžas'),(723,'lt','Namas\\ArcanaBundle\\Entity\\image','title','185','Naujoji Akmenė P. Jodelės g. 2А vieno aukšto kotedžas'),(724,'lt','Namas\\ArcanaBundle\\Entity\\image','description','185','Planas'),(725,'lt','Namas\\ArcanaBundle\\Entity\\image','title','186','Naujoji Akmenė P. Jodelės g. 2А vieno aukšto kotedžas'),(726,'lt','Namas\\ArcanaBundle\\Entity\\image','description','186','Planas'),(727,'ru','Namas\\ArcanaBundle\\Entity\\home','title','2','Науйойи Акмяне, ул. Йодялес д. 2А одноэтажный коттедж'),(728,'ru','Namas\\ArcanaBundle\\Entity\\home','address','2','Науйойи Акмяне, ул. Йодялес д. 2А'),(729,'ru','Namas\\ArcanaBundle\\Entity\\home','description','2','В городе Науйойи Акмяне по ул. Йодялес д. 2А продается одноэтажный коттедж площадью 181 кв. м. Здание утепленное, заменена кровля, установлены новые качественные теплосберегающие окна. Внутри коттедж не оборудован. Подготовлены все проекты. Согласно проекту предусмотрено оборудование террасы, которая будет выходить напрямую из гостиной. Имеется возможность оборудовать второй этаж. Двор общий, очень аккуратный и ухоженный, имеется газон. Красивое место. Цена – 115 000 литов (33 000 евро)'),(750,'en','Namas\\ArcanaBundle\\Entity\\home','title','4','Kivylių k. Ąžuolų g., gyvenamas namas'),(751,'en','Namas\\ArcanaBundle\\Entity\\home','address','4','Kivylių k. Ąžuolų g.'),(752,'en','Namas\\ArcanaBundle\\Entity\\home','description','4','Akmenės raj. Kivylių gyvenvietėje parduodamas mūrinis 1986 m. statybos gyvenamas namas, kurio bendras plotas 128,54 kv.m., naudingas plotas 100,69. Namas suremontuotas, šildymas kietu kuru – centralizuotas. Visos komunikacijos. Plastikiniai langai. Yra garažas, pagalbinės patalpos, 12 arų  sklypas. Sutvarkyta aplinka. Kaina – 56000 Lt (16000 Eurų)'),(753,'en','Namas\\ArcanaBundle\\Entity\\image','title','194','Kivylių k. Ąžuolų g., gyvenamas namas'),(754,'en','Namas\\ArcanaBundle\\Entity\\image','description','194','Kivylių k. Ąžuolų g., gyvenamas namas'),(755,'en','Namas\\ArcanaBundle\\Entity\\image','title','195','Kivylių k. Ąžuolų g., gyvenamas namas'),(756,'en','Namas\\ArcanaBundle\\Entity\\image','description','195','Kivylių k. Ąžuolų g., gyvenamas namas'),(757,'en','Namas\\ArcanaBundle\\Entity\\image','title','196','Kivylių k. Ąžuolų g., gyvenamas namas'),(758,'en','Namas\\ArcanaBundle\\Entity\\image','description','196','Kivylių k. Ąžuolų g., gyvenamas namas'),(759,'en','Namas\\ArcanaBundle\\Entity\\image','title','197','Kivylių k. Ąžuolų g., gyvenamas namas'),(760,'en','Namas\\ArcanaBundle\\Entity\\image','description','197','Kambarys'),(761,'en','Namas\\ArcanaBundle\\Entity\\image','title','198','Naujoji Akmenė Vegerių g. 26'),(762,'en','Namas\\ArcanaBundle\\Entity\\image','description','198','Kambarys'),(763,'en','Namas\\ArcanaBundle\\Entity\\image','title','199','Naujoji Akmenė Vegerių g. 26'),(764,'en','Namas\\ArcanaBundle\\Entity\\image','description','199','Kambarys'),(765,'en','Namas\\ArcanaBundle\\Entity\\image','title','200','Naujoji Akmenė Vegerių g. 26'),(766,'en','Namas\\ArcanaBundle\\Entity\\image','description','200','Kambarys'),(767,'en','Namas\\ArcanaBundle\\Entity\\image','title','201','Kivylių k. Ąžuolų g., gyvenamas namas'),(768,'en','Namas\\ArcanaBundle\\Entity\\image','description','201','Virtuvė'),(769,'en','Namas\\ArcanaBundle\\Entity\\image','title','202','Kivylių k. Ąžuolų g., gyvenamas namas'),(770,'en','Namas\\ArcanaBundle\\Entity\\image','description','202','Koridorius'),(771,'en','Namas\\ArcanaBundle\\Entity\\image','title','203','Kivylių k. Ąžuolų g., gyvenamas namas'),(772,'en','Namas\\ArcanaBundle\\Entity\\image','description','203','Vonia'),(773,'en','Namas\\ArcanaBundle\\Entity\\image','title','204','Kivylių k. Ąžuolų g., gyvenamas namas'),(774,'en','Namas\\ArcanaBundle\\Entity\\image','description','204','Tualetas'),(775,'ru','Namas\\ArcanaBundle\\Entity\\home','title','4','пос. Кивиляй, ул. Ажуолу, каменный дом'),(776,'ru','Namas\\ArcanaBundle\\Entity\\home','address','4','пос. Кивиляй, ул. Ажуолу'),(777,'ru','Namas\\ArcanaBundle\\Entity\\home','description','4','В Акмянском районе, пос. Кивилю по ул. Ажуолу, продается жилой дом 1986 года постройки. Общая площадь дома 128,54 кв.м, полезная площадь – 100,69 кв.м. Сделан ремонт. Дом полнастью обустроен, теплый и уютный. Заменены окна. Отопление центральное твердым топливом. Все комнникации. Имеется гараж и приусадебный участок  12 ар с вспомогательными помещениями. Цена – 16000 евро.'),(778,'en','Namas\\ArcanaBundle\\Entity\\home','title','5','Naujoji Akmenė P. Jodelės g. 2F naujos statybos namas'),(779,'en','Namas\\ArcanaBundle\\Entity\\home','address','5','Naujoji Akmenė P. Jodelės g. 2F'),(780,'en','Namas\\ArcanaBundle\\Entity\\home','description','5','Naujosios Akmenės mieste P. Jodelės gatvėje 2F parduodamas 2011 metų statybos vieno aukšto namas, kurio bendras plotas – 180 kv.m, gyvenamasis – 120 kv.m. Namas patogaus šiuolaikiško išplanavimo, erdvus, jaukus ir šiltas. Yra mansarda. Pirmame aukšte du miegamieji (po 20 kv.m), svetainė (35 kv.m), valgomasis (25 kv.m), vonia (11 kv.m) bei drabužinė (6 kv.m). Taip pat yra 40 kv.m garažas ir katilinė. Įrengtos visos komunikacijos – elektra, vanduo, nuotekų įvadai. Namui priklauso 12 arų žemės sklypas. Sklypo teritorija aptverta, tvarkinga ir prižiūrėta. Ramus naujų gyvenamųjų namų kvartalas, patraukli vieta gyventi. Namas parduodamas su daline apdaila. Jūsų pageidavimu ir už papildomą kainą galime pilnai įrengti namą ir paruošti jį gyvenimui. Kaina – 180 000 Lt (52 300 eurų).'),(781,'en','Namas\\ArcanaBundle\\Entity\\image','title','205','Naujoji Akmenė P. Jodelės g. 2F naujos statybos namas'),(782,'en','Namas\\ArcanaBundle\\Entity\\image','description','205','Naujoji Akmenė P. Jodelės g. 2F naujos statybos namas'),(783,'en','Namas\\ArcanaBundle\\Entity\\image','title','206','Naujoji Akmenė P. Jodelės g. 2F naujos statybos namas'),(784,'en','Namas\\ArcanaBundle\\Entity\\image','description','206','Naujoji Akmenė P. Jodelės g. 2F naujos statybos namas'),(785,'en','Namas\\ArcanaBundle\\Entity\\image','title','207','Naujoji Akmenė P. Jodelės g. 2F naujos statybos namas'),(786,'en','Namas\\ArcanaBundle\\Entity\\image','description','207','Naujoji Akmenė P. Jodelės g. 2F naujos statybos namas'),(787,'en','Namas\\ArcanaBundle\\Entity\\image','title','208','Naujoji Akmenė P. Jodelės g. 2F naujos statybos namas'),(788,'en','Namas\\ArcanaBundle\\Entity\\image','description','208','Naujoji Akmenė P. Jodelės g. 2F naujos statybos namas'),(789,'en','Namas\\ArcanaBundle\\Entity\\image','title','209','Naujoji Akmenė P. Jodelės g. 2F naujos statybos namas'),(790,'en','Namas\\ArcanaBundle\\Entity\\image','description','209','Naujoji Akmenė P. Jodelės g. 2F naujos statybos namas'),(791,'ru','Namas\\ArcanaBundle\\Entity\\home','title','5','Науйойи Акмяне, ул. П. Йодялес 2F дом новой постройки'),(792,'ru','Namas\\ArcanaBundle\\Entity\\home','address','5','Науйойи Акмяне, ул. П. Йодялес 2F'),(793,'ru','Namas\\ArcanaBundle\\Entity\\home','description','5','В городе Науйойи Акмяне по ул. Йодялес 2F продается одноэтажный дом 2011 года постройки. Полезная площадь дома составляет 180 кв.м, жилая площадь – 120 кв.м. Дом удобной современной планировки, просторный, уютный и теплый. Имеется мансарда. На первом этаже две спальни (по 20 кв.м), гостиная (35 кв.м), кухня-столовая (25 кв.м), ванная комната (11 кв.м) и гардеробная (6 кв.м). Кроме того, имеется гараж и кательная (40 кв.м). Подведены и оборудованы все коммуникации – электричество, вода, канализация. Рядом с домом есть приусадебный участок 12 ар. Территория земельного участка и дома огорожена. Тихий и ухоженный квартал новых домов идеально подходит для жизни. Дом продается с частичной отделкой. По Вашему пожеланию и за дополнительную оплату мы можем полностью оборудовать дом и подготовить его для жизни. Цена – 52300 евро.'),(794,'en','Namas\\ArcanaBundle\\Entity\\home','title','6','Naujoji Akmenė Beržyno g. mūrinis namas'),(795,'en','Namas\\ArcanaBundle\\Entity\\home','address','6','Naujoji Akmenė Beržyno g.'),(796,'en','Namas\\ArcanaBundle\\Entity\\home','description','6','Naujosios Akmenės mieste Beržyno gatvėje parduodamas 1996 m. statybos gyvenamas mūrinis namas. Bendras namo plotas – 201,55 kv.m., gyvenamasis plotas – 66,33 kv.m. Namas gero išplanavimo, šiltas, jaukus ir pilnai įrengtas. Visos miesto komunikacijos. Šildymas kietu kuru. Nauja stogo danga. Nauji plastikiniai langai. Pirmame aukšte yra erdvus prieškambaris, trys kambariai, virtuvė ir didelis vonios kambarys. Grindys – laku padengtos medinės lentelės. Sienos dažytos šviesiomis spalvomis. Vonios kambaryje yra vonia, dušo kabina ir klozetas; ant sienų ir grindų – plytelių mozaika. Pilnai įrengtas antras aukštas, kuriame yra trys jaukūs kambariai su kilimine danga. Antrame aukšte taip pat yra pilnai įrengta virtuvė su naujų baldų komplektu; grindų danga – plytelės. Po namu yra rūsys su įrengta pirtimi. Kieme garažas bei pagalbinės patalpos. Namų valdos sklypo plotas – 22 arai; sodas, šiltnamis, didelis tvenkinys. Aptverta teritorija.  Namas yra gyvenamųjų namų zonoje. Kaina – 230000 Lt (72000 eurų).'),(797,'en','Namas\\ArcanaBundle\\Entity\\image','title','210','Naujoji Akmenė Beržyno g. mūrinis namas'),(798,'en','Namas\\ArcanaBundle\\Entity\\image','description','210','Naujoji Akmenė Beržyno g. mūrinis namas'),(799,'en','Namas\\ArcanaBundle\\Entity\\image','title','211','Naujoji Akmenė Beržyno g. mūrinis namas'),(800,'en','Namas\\ArcanaBundle\\Entity\\image','description','211','Naujoji Akmenė Beržyno g. mūrinis namas'),(801,'en','Namas\\ArcanaBundle\\Entity\\image','title','212','Naujoji Akmenė Beržyno g. mūrinis namas'),(802,'en','Namas\\ArcanaBundle\\Entity\\image','description','212','Naujoji Akmenė Beržyno g. mūrinis namas'),(803,'en','Namas\\ArcanaBundle\\Entity\\image','title','213','Naujoji Akmenė Beržyno g. mūrinis namas'),(804,'en','Namas\\ArcanaBundle\\Entity\\image','description','213','Kambarys 1 aukštas'),(805,'en','Namas\\ArcanaBundle\\Entity\\image','title','214','Naujoji Akmenė Beržyno g. mūrinis namas'),(806,'en','Namas\\ArcanaBundle\\Entity\\image','description','214','Kambarys 1 aukštas'),(807,'en','Namas\\ArcanaBundle\\Entity\\image','title','215','Naujoji Akmenė Beržyno g. mūrinis namas'),(808,'en','Namas\\ArcanaBundle\\Entity\\image','description','215','Virtuvė 1 aukštas'),(809,'en','Namas\\ArcanaBundle\\Entity\\image','title','216','Naujoji Akmenė Beržyno g. mūrinis namas'),(810,'en','Namas\\ArcanaBundle\\Entity\\image','description','216','Koridorius'),(811,'en','Namas\\ArcanaBundle\\Entity\\image','title','217','Naujoji Akmenė Beržyno g. mūrinis namas'),(812,'en','Namas\\ArcanaBundle\\Entity\\image','description','217','Vonios kambarys'),(813,'en','Namas\\ArcanaBundle\\Entity\\image','title','218','Naujoji Akmenė Beržyno g. mūrinis namas'),(814,'en','Namas\\ArcanaBundle\\Entity\\image','description','218','Laiptai į antrą aukštą'),(815,'en','Namas\\ArcanaBundle\\Entity\\image','title','219','Naujoji Akmenė Beržyno g. mūrinis namas'),(816,'en','Namas\\ArcanaBundle\\Entity\\image','description','219','Kambarys 2 aukštas'),(817,'en','Namas\\ArcanaBundle\\Entity\\image','title','220','Naujoji Akmenė Beržyno g. mūrinis namas'),(818,'en','Namas\\ArcanaBundle\\Entity\\image','description','220','Kambarys 2 aukštas'),(819,'en','Namas\\ArcanaBundle\\Entity\\image','title','221','Naujoji Akmenė Beržyno g. mūrinis namas'),(820,'en','Namas\\ArcanaBundle\\Entity\\image','description','221','Virtuvė 2 aukštas'),(821,'en','Namas\\ArcanaBundle\\Entity\\image','title','222','Naujoji Akmenė Beržyno g. mūrinis namas'),(822,'en','Namas\\ArcanaBundle\\Entity\\image','description','222','Kiemas su šiltnamiu'),(823,'ru','Namas\\ArcanaBundle\\Entity\\home','title','6','Науйойи Акмяне ул. Бержино кирпичный дом'),(824,'ru','Namas\\ArcanaBundle\\Entity\\home','address','6','Науйойи Акмяне ул. Бержино'),(825,'ru','Namas\\ArcanaBundle\\Entity\\home','description','6','В городе Науйойи Акмяне по ул. Бержино продается кирпичный дом 1996 года постройки. Общая площадь дома – 201,55 кв.м, жилая площадь – 66,33 кв.м. Дом хорошей планировки, теплый, уютный и полностью оборудованный. Все городские коммуникации. Отопление твердым топливом. Новое кровельное покрытие. Новые теплосберегающие окна. На первом этаже находится просторная прихожая, три комнаты, кухня и большая ванная комната. Пол – покрытое лаком дерево. Стены покрашены в светлые тона. В ванной комнате есть ванна, душевая кабина и клозет; на полу и стенах – плиточная мозаика. Полностью оборудованный второй этаж с тремя уютными комнатами (ковровое покрытие) и кухней. На кухне новый комплект мебели; на полу положена плитка. Под домом имеется подвальное помещение, в котором оборудована баня. Во дворе находится гараж и вспомогательные постройки. Приусадебный участок 22 ар, сад, теплица, пруд. Территория огорождена. Дом находится в зоне жилых домов. Цена – 72000 евро.'),(826,'en','Namas\\ArcanaBundle\\Entity\\home','title','7','Naujoji Akmenė Vegerių g. mūrinis namas'),(827,'en','Namas\\ArcanaBundle\\Entity\\home','address','7','Naujoji Akmenė Vegerių g.'),(828,'en','Namas\\ArcanaBundle\\Entity\\home','description','7','Naujojoje Akmenėje Vegerių g. paduodamas mūrinis ūkinis pastatas 1994 m. statybos (įregistruotas kaip gyvenamas namas). Užstatymo plotas 219 kv.m,. Garažas – 34,80 kv.m, su duobe po visą garažą. Įvairios pagalbinės patalpos, palėpė, didelis geras rūsys. Visos miesto komunikacijos. Vietinis kieto kuro šildymas, 20 arų žemės sklypas, geras privažiavimas, graži aplinka. Kaina – 55000 Lt (16000 eurų)'),(829,'en','Namas\\ArcanaBundle\\Entity\\image','title','223','Naujoji Akmenė Vegerių g. mūrinis namas'),(830,'en','Namas\\ArcanaBundle\\Entity\\image','description','223','Naujoji Akmenė Vegerių g. mūrinis namas'),(831,'en','Namas\\ArcanaBundle\\Entity\\image','title','224','Naujoji Akmenė Vegerių g. mūrinis namas'),(832,'en','Namas\\ArcanaBundle\\Entity\\image','description','224','Naujoji Akmenė Vegerių g. mūrinis namas'),(833,'en','Namas\\ArcanaBundle\\Entity\\image','title','225','Naujoji Akmenė Vegerių g. mūrinis namas'),(834,'en','Namas\\ArcanaBundle\\Entity\\image','description','225','Naujoji Akmenė Vegerių g. mūrinis namas'),(835,'en','Namas\\ArcanaBundle\\Entity\\image','title','226','Naujoji Akmenė Vegerių g. mūrinis namas'),(836,'en','Namas\\ArcanaBundle\\Entity\\image','description','226','Naujoji Akmenė Vegerių g. mūrinis namas'),(837,'en','Namas\\ArcanaBundle\\Entity\\image','title','227','Naujoji Akmenė Vegerių g. mūrinis namas'),(838,'en','Namas\\ArcanaBundle\\Entity\\image','description','227','Virtuvė'),(839,'en','Namas\\ArcanaBundle\\Entity\\image','title','228','Naujoji Akmenė Vegerių g. mūrinis namas'),(840,'en','Namas\\ArcanaBundle\\Entity\\image','description','228','Garažas'),(841,'en','Namas\\ArcanaBundle\\Entity\\image','title','229','Naujoji Akmenė Vegerių g. mūrinis namas'),(842,'en','Namas\\ArcanaBundle\\Entity\\image','description','229','Garažas'),(843,'en','Namas\\ArcanaBundle\\Entity\\image','title','230','Naujoji Akmenė Vegerių g. mūrinis namas'),(844,'en','Namas\\ArcanaBundle\\Entity\\image','description','230','Naujoji Akmenė Vegerių g. mūrinis namas'),(845,'en','Namas\\ArcanaBundle\\Entity\\image','title','231','Naujoji Akmenė Vegerių g. mūrinis namas'),(846,'en','Namas\\ArcanaBundle\\Entity\\image','description','231','Naujoji Akmenė Vegerių g. mūrinis namas'),(847,'ru','Namas\\ArcanaBundle\\Entity\\home','title','7','Науйойи Акмяне ул. Вегерю кирпичный дом'),(848,'ru','Namas\\ArcanaBundle\\Entity\\home','address','7','Науйойи Акмяне ул. Вегерю'),(849,'ru','Namas\\ArcanaBundle\\Entity\\home','description','7','В городе Науйойи Акмяне по ул. Вягерю продается кирпичный дом 1994 года постройки (зарегистрирован как жилой дом). Площадь под застройку – 219 кв.м., гараж (со смотровой ямой) – 34,80 кв.м. Имеются различные вспомогательные помещения, чердак, просторный хороший подвал. Все городские коммуникации. Отопление твердым топливом. Земельный участок 20 ар, хороший подъезд, красивая природа. Цеена – 16000 евро.'),(850,'en','Namas\\ArcanaBundle\\Entity\\apartment','address','18','Naujoji Akmenė P. Jodelės 17'),(851,'en','Namas\\ArcanaBundle\\Entity\\apartment','title','18','Naujoji Akmenė P. Jodelės 17 dviejų kambarių butas'),(852,'en','Namas\\ArcanaBundle\\Entity\\apartment','description','18','Naujosios Akmenės mieste P. Jodelės g. parduodamas 45,21 kv.m. dviejų kambarių butas pirmame aukšte iš dviejų. Bute pakeistos lauko durys. Butas šildomas kietu kuru (krosnis), todėl negyvenant bute nėra jokių šildymo išlaidų. Kieme yra priklausantis butui ūkinis pastatas. Kaina – 7900 Lt (2300 eurų).'),(853,'en','Namas\\ArcanaBundle\\Entity\\apartment','operation','18','sell'),(854,'en','Namas\\ArcanaBundle\\Entity\\image','title','232','Naujoji Akmenė P. Jodelės dviejų kambarių butas'),(855,'en','Namas\\ArcanaBundle\\Entity\\image','description','232','Naujoji Akmenė P. Jodelės dviejų kambarių butas'),(856,'en','Namas\\ArcanaBundle\\Entity\\image','title','233','Naujoji Akmenė P. Jodelės dviejų kambarių butas'),(857,'en','Namas\\ArcanaBundle\\Entity\\image','description','233','Naujoji Akmenė P. Jodelės dviejų kambarių butas'),(858,'en','Namas\\ArcanaBundle\\Entity\\image','title','234','Naujoji Akmenė P. Jodelės dviejų kambarių butas'),(859,'en','Namas\\ArcanaBundle\\Entity\\image','description','234','Naujoji Akmenė P. Jodelės'),(860,'en','Namas\\ArcanaBundle\\Entity\\image','title','235','Naujoji Akmenė P. Jodelės dviejų kambarių butas'),(861,'en','Namas\\ArcanaBundle\\Entity\\image','description','235','Kambarys'),(862,'en','Namas\\ArcanaBundle\\Entity\\image','title','236','Naujoji Akmenė P. Jodelės dviejų kambarių butas'),(863,'en','Namas\\ArcanaBundle\\Entity\\image','description','236','Kambarys'),(864,'en','Namas\\ArcanaBundle\\Entity\\image','title','237','Naujoji Akmenė P. Jodelės dviejų kambarių butas'),(865,'en','Namas\\ArcanaBundle\\Entity\\image','description','237','Virtuvė'),(866,'en','Namas\\ArcanaBundle\\Entity\\image','title','238','Naujoji Akmenė P. Jodelės dviejų kambarių butas'),(867,'en','Namas\\ArcanaBundle\\Entity\\image','description','238','Virtuvė'),(868,'en','Namas\\ArcanaBundle\\Entity\\image','title','239','Naujoji Akmenė P. Jodelės dviejų kambarių butas'),(869,'en','Namas\\ArcanaBundle\\Entity\\image','description','239','Lauko durys'),(870,'en','Namas\\ArcanaBundle\\Entity\\image','title','240','Naujoji Akmenė P. Jodelės dviejų kambarių butas'),(871,'en','Namas\\ArcanaBundle\\Entity\\image','description','240','Ūkinis pastatas kieme'),(872,'ru','Namas\\ArcanaBundle\\Entity\\apartment','address','18','Науйойи Акмяне ул. П. Йодялес д. 17'),(873,'ru','Namas\\ArcanaBundle\\Entity\\apartment','title','18','Науйойи Акмяне ул. П. Йодялес д. 17 двухэтажная квартира'),(874,'ru','Namas\\ArcanaBundle\\Entity\\apartment','description','18','В городе Науйойи Акмяне по ул. П. Йодялес д. 17 продается двухкомнатная квартира площадью 45,21 кв.м. Квартира находится на первом этаже двухэтажного дома. В квартире заменена входная дверь. Отопление автономное твердым топливом (печь), поэтому в том случае, если Вы временно не проживаетет в квартире, расходы на отопление отсутствуют. Во дворе имеется хозяйственная постройка. Цена – 2300 евро.'),(875,'ru','Namas\\ArcanaBundle\\Entity\\apartment','operation','18','sell'),(876,'en','Namas\\ArcanaBundle\\Entity\\land','title','1','Klaipėda, Kalotės k., 20 arų žemės sklypas'),(877,'en','Namas\\ArcanaBundle\\Entity\\land','address','1','Klaipėda, Kalotės k.'),(878,'en','Namas\\ArcanaBundle\\Entity\\land','description','1','Klaipėdos raj. Kalotės kaime strategiškai geroje vietoje parduodamas komercinės paskirties 20 arų sklypas. Sklypas randasi 13,5 km iki Palangos bei Kretingos, 9,3 km iki Klaipėdos centro ir 10 km iki Jakų žiedo. Sklypas yra Palanga-Klaipėda ir Klaipėda-Kretinga kelių sankirtoje; jis taip pat ribojasi su degalinė „Apoil“. Sklype yra padaryta nuovaža iš automagistralės Palanga-Klaipėda; numatytas komunikacijų pajungimas iš šalia esančios degalinės. Detaliame plane numatyta paskirtis prekybos, paslaugų bei pramogų objektų statyboms. Statinio numatytas aukštis 11 m, teritorijos užstatymo intensyvumas 0,5, užstatymo tankis 0,25. Sukurtoje teritorijos vizijoje numatytos apie 200 kv.m. ploto prekybos-sandėliavimo patalpos iš lengvųjų metalo konstrukcijų, bei parkavimo ir ekspozicijos zonos. Numatoma projekto sąmata – apie 150 000 Lt. Įgyvendinus šį projektą jūs gausite naujas prekybos-sandėliavimo patalpas savo veiklos plėtrai arba nuomai strategiškai geroje vietoje už patrauklią kainą. Nuomos atveju projekto metinė grąža sudarys apie 8 proc. Kaina – 185 000 Lt / 54 000 eurų'),(903,'en','Namas\\ArcanaBundle\\Entity\\image','title','253','Naujoji Akmenė P. Jodelės g. 2F naujos statybos namas'),(904,'en','Namas\\ArcanaBundle\\Entity\\image','description','253','Naujoji Akmenė P. Jodelės g. 2F naujos statybos namas'),(907,'en','Namas\\ArcanaBundle\\Entity\\image','title','255','Naujoji Akmenė P. Jodelės g. 2F naujos statybos namas'),(908,'en','Namas\\ArcanaBundle\\Entity\\image','description','255','Naujoji Akmenė P. Jodelės g. 2F naujos statybos namas'),(909,'en','Namas\\ArcanaBundle\\Entity\\image','title','256','Naujoji Akmenė P. Jodelės g. 2F naujos statybos namas'),(910,'en','Namas\\ArcanaBundle\\Entity\\image','description','256','Naujoji Akmenė P. Jodelės g. 2F naujos statybos namas'),(911,'en','Namas\\ArcanaBundle\\Entity\\image','title','257','Naujoji Akmenė P. Jodelės g. 2F naujos statybos namas'),(912,'en','Namas\\ArcanaBundle\\Entity\\image','description','257','Naujoji Akmenė P. Jodelės g. 2F naujos statybos namas'),(913,'en','Namas\\ArcanaBundle\\Entity\\image','title','258','Naujoji Akmenė P. Jodelės g. 2F naujos statybos namas'),(914,'en','Namas\\ArcanaBundle\\Entity\\image','description','258','Vonios kambarys'),(931,'ru','Namas\\ArcanaBundle\\Entity\\land','title','1','Клайпедский р-н, пос. Калотес, земельный участок 20 ар'),(932,'ru','Namas\\ArcanaBundle\\Entity\\land','address','1','Клайпедский р-н, пос. Калотес'),(933,'ru','Namas\\ArcanaBundle\\Entity\\land','description','1','В поселке Калотес Клайпедского р-на в стратегически хорошем месте продается земельный участок коммерческого назначения площадью 0,20 ha. Участок находится в 13,5 км от Паланги и Кретинги, 9,3 км – от Клайпеды и 10 км – от кольцевого перекрестка Яку. Земельный участок расположен на пересечении дорог Паланга-Клайпеда и Клайпеда-Кретинга, а также граничит с заправочной станцией «Апоил». На территории участка сделан съезд с автомагистрали Паланга-Клайпеда; предусмотрено подключение коммуникаций от расположенной рядом заправочной станции. Согласно детальному плану, на участке предусмотрено строительтсво объектов торгово-развлекательного назначения. Высота постройки – 11 м., интенсивность застройки территории составляет 0,5, а плотность застройки – 0,25. В перспективе предполагается строительство торгово-складского помещения из легких металлических конструкций площадью ок. 200 кв.м., а также зоны для парковки и экспозиции. Предполагаемая смета проекта – ок. 150 000 литов. После реализации данного проекта Вы получите новое торгово-складское помещение для развития Вашей деятельности, или помещение для аренды в стратегически выгодном месте за привлекательную цену. В случае аренды годовой возврат по проекту составит ок. 8 процентов.  Цена – 54 000 евро.'),(936,'en','Namas\\ArcanaBundle\\Entity\\homestead','address','2','Naujoji Akmenė Žiemos g.'),(937,'en','Namas\\ArcanaBundle\\Entity\\homestead','description','2','N. Akmenėje Žiemos g. parduodamas gyvenamas namas 70 kv.m, su pagalbiniais pastatais bei garažu. Kaina – 11 800 Lt (3450 eurų)'),(938,'en','Namas\\ArcanaBundle\\Entity\\image','title','266','Naujoji Akmenė Žiemos g. gyvenamas namas'),(939,'en','Namas\\ArcanaBundle\\Entity\\image','description','266','Naujoji Akmenė Žiemos g. gyvenamas namas'),(940,'en','Namas\\ArcanaBundle\\Entity\\image','title','267','Naujoji Akmenė Žiemos g. gyvenamas namas'),(941,'en','Namas\\ArcanaBundle\\Entity\\image','description','267','Naujoji Akmenė Žiemos g. gyvenamas namas'),(942,'en','Namas\\ArcanaBundle\\Entity\\image','title','268','Naujoji Akmenė Žiemos g. gyvenamas namas'),(943,'en','Namas\\ArcanaBundle\\Entity\\image','description','268','Naujoji Akmenė Žiemos g. gyvenamas namas'),(944,'en','Namas\\ArcanaBundle\\Entity\\image','title','269','Naujoji Akmenė Žiemos g. gyvenamas namas'),(945,'en','Namas\\ArcanaBundle\\Entity\\image','description','269','Planas'),(946,'en','Namas\\ArcanaBundle\\Entity\\image','title','270','Naujoji Akmenė Žiemos g. gyvenamas namas'),(947,'en','Namas\\ArcanaBundle\\Entity\\image','description','270','Namo planas'),(950,'ru','Namas\\ArcanaBundle\\Entity\\homestead','address','2','Науйойи Акмяне ул. Жемос'),(951,'ru','Namas\\ArcanaBundle\\Entity\\homestead','description','2','В городе Науйойи Акмяне по ул. Жемос 4 продается жилой дом площадью 70 кв. м. с подсобными строениями и гаражом. Цена – 3450 евро.'),(971,'en','Namas\\ArcanaBundle\\Entity\\land','title','3','Naujoji Akmenė Suginčių g. 29 žemės sklypas'),(972,'en','Namas\\ArcanaBundle\\Entity\\land','address','3','Naujoji Akmenė Suginčių g. 29'),(973,'en','Namas\\ArcanaBundle\\Entity\\land','description','3','N. Akmenėje, Suginčių g. 29 parduodamas 0,1500 ha žemės sklypas, mažaaukščių gyvenamųjų namų statybai. Geras privažiavimas. Kadastro Nr. 3233/0006:511, našumo balas 41,4. Kaina – 13000 Lt/3800 eurų.'),(989,'ru','Namas\\ArcanaBundle\\Entity\\land','title','3','Науйойи Акмяне ул. Сугинчю 29 земельный участок'),(990,'ru','Namas\\ArcanaBundle\\Entity\\land','address','3','Науйойи Акмяне ул. Сугинчю 29'),(991,'ru','Namas\\ArcanaBundle\\Entity\\land','description','3','В городе Науйойи Акмяне по ул. Сугинчю 29 продается земельный участок площадью 0,1500 га. Участок подходит для строительства малоэтажных домов. Хороший подъезд. Кадастровый номер: 3233/0006:511, балл урожайности – 41,4. Цена – 3800 евро.'),(992,'en','Namas\\ArcanaBundle\\Entity\\land','title','4','Mažeikių raj. Palnosų k. žemės ūkio paskirties sklypas'),(993,'en','Namas\\ArcanaBundle\\Entity\\land','address','4','Mažeikių raj. Palnosų k.'),(994,'en','Namas\\ArcanaBundle\\Entity\\land','description','4','Mažeikių rajone Palnosų kaime prie pagrindinio kelio Mažeikiai – Šiauliai  parduodamas 0,42 ha žemės ūkio paskirties sklypas. Kaina – 5700 Lt / 4300 eurų'),(997,'ru','Namas\\ArcanaBundle\\Entity\\land','title','4','Мажейкяйский р-н, пос. Палносу земельный участок'),(998,'ru','Namas\\ArcanaBundle\\Entity\\land','address','4','Мажейкяйский р-н, пос. Палносу'),(999,'ru','Namas\\ArcanaBundle\\Entity\\land','description','4','В поселке Палносу Мажейкяйского р-на продаётся  земельный участок сельскохозяйственного назначения площадью 0,42 га. Участок находится около главной дороги Мажейкяй – Шяуляй. Цена – 4300 евро.'),(1016,'en','Namas\\ArcanaBundle\\Entity\\land','title','7','Akmenė, Stoties g. žemės sklypas namo statybai'),(1017,'en','Namas\\ArcanaBundle\\Entity\\land','address','7','Akmenė, Stoties g.'),(1018,'en','Namas\\ArcanaBundle\\Entity\\land','description','7','Akmenės mieste Stoties g. parduodamas 6,22 aro žemės sklypas namo statybai. Gera vieta, netoli miesto centro, aplink gyvenami namai. Sklype išliko senojo namo pamatai, yra senųjų statinių dokumentai. Kaina – 10000 Lt / 2900 eurų'),(1025,'ru','Namas\\ArcanaBundle\\Entity\\land','title','7','Акмяне, ул. Стотес, земельный участок для строительства дома'),(1026,'ru','Namas\\ArcanaBundle\\Entity\\land','address','7','Акмяне, ул. Стотес'),(1027,'ru','Namas\\ArcanaBundle\\Entity\\land','description','7','В городке Науйойи Акмяне по ул. Стотес продается земельный участок площадью 6,22 ара. Участок прекрасно подходит для строительства жилого дома. Участок находится в очень удобном месте недалеко от центра города, рядом я ним расположены жилые дома. На участке сохранился фундамент предыдущего дома. Также имеются документы предыдущих строений. Цена – 2900 евро.'),(1028,'en','Namas\\ArcanaBundle\\Entity\\land','title','8','Naujoji Akmenė, sodų bendrija „EIBUČIAI“ Lubinų g. sodas.'),(1029,'en','Namas\\ArcanaBundle\\Entity\\land','address','8','Naujoji Akmenė, sodų bendrija „EIBUČIAI“ Lubinų g.'),(1030,'en','Namas\\ArcanaBundle\\Entity\\land','description','8','Sodų bendrijoje „EIBUČIAI“ (Naujoji Akmenė) Lubinų gatvėje parduodamas 6 arų sodas. Pirkėjas pasidaro geodezinius matavimus. Kaina – 850 Lt / 300 eurų'),(1033,'ru','Namas\\ArcanaBundle\\Entity\\land','title','8','Науйойи Акмяне, садовое товарищество «ЭЙБУЧЯЙ», ул. Лубину, сад'),(1034,'ru','Namas\\ArcanaBundle\\Entity\\land','address','8','Науйойи Акмяне, садовое товарищество «ЭЙБУЧЯЙ», ул. Лубину'),(1035,'ru','Namas\\ArcanaBundle\\Entity\\land','description','8','В садовом товариществе «Эйбучяй» (г. Науйойи Акмяне) по ул. Лубину продается сад, площадь – 6 ар. Геодезические измерения проводятся покупателем. Цена – 300 евро.'),(1036,'en','Namas\\ArcanaBundle\\Entity\\land','title','9','Naujoji Akmenė, sodų bendrija „EIBUČIAI“ Sodininkų g. sodas.'),(1037,'en','Namas\\ArcanaBundle\\Entity\\land','address','9','Naujoji Akmenė, sodų bendrija „EIBUČIAI“ Sodininkų g.'),(1038,'en','Namas\\ArcanaBundle\\Entity\\land','description','9','Sodų bendrijoje „RAMUČIAI“ (Naujoji Akmenė) Sodininkų g. parduodamas 6 arų sodas. Sodo sklypas ribojasi su asfaltuotu keliu. Galima statyti gyvenamą namą; šalia yra elektra. Šioje ir šalia esančioje sodų bendrijoje jau pastatyti keli gyvenami namai. Kaina – 2800 Lt / 900 eurų'),(1039,'ru','Namas\\ArcanaBundle\\Entity\\land','title','9','Науйойи Акмяне, садовое товарищество «ЭЙБУЧЯЙ», ул. Содининку, сад'),(1040,'ru','Namas\\ArcanaBundle\\Entity\\land','address','9','Науйойи Акмяне, садовое товарищество «ЭЙБУЧЯЙ», ул. Содининку'),(1041,'ru','Namas\\ArcanaBundle\\Entity\\land','description','9','В садовом товариществе «Эйбучяй» (г. Науйойи Акмяне) по ул. Содининку продается сад, площадь – 6 ар. Территория садового участка граничит с асфальтной дорогой. Возможно строительство жилого дома; рядом проведено электричество. В этом и расположенном рядом садовом участке уже построено несколько жилых домов. Цена – 900 евро.'),(1072,'en','Namas\\ArcanaBundle\\Entity\\image','title','304','Klaipėda, Kalotės k., 20 arų žemės sklypas'),(1073,'en','Namas\\ArcanaBundle\\Entity\\image','description','304','Klaipėda, Kalotės k., 20 arų žemės sklypas'),(1074,'en','Namas\\ArcanaBundle\\Entity\\image','title','305','Klaipėda, Kalotės k., 20 arų žemės sklypas'),(1075,'en','Namas\\ArcanaBundle\\Entity\\image','description','305','Klaipėda, Kalotės k., 20 arų žemės sklypas'),(1076,'en','Namas\\ArcanaBundle\\Entity\\image','title','306','Klaipėda, Kalotės k., 20 arų žemės sklypas'),(1077,'en','Namas\\ArcanaBundle\\Entity\\image','description','306','Klaipėda, Kalotės k., 20 arų žemės sklypas'),(1078,'en','Namas\\ArcanaBundle\\Entity\\image','title','307','Klaipėda, Kalotės k., 20 arų žemės sklypas'),(1079,'en','Namas\\ArcanaBundle\\Entity\\image','description','307','Klaipėda, Kalotės k., 20 arų žemės sklypas'),(1080,'en','Namas\\ArcanaBundle\\Entity\\image','title','308','Klaipėda, Kalotės k., 20 arų žemės sklypas'),(1081,'en','Namas\\ArcanaBundle\\Entity\\image','description','308','Klaipėda, Kalotės k., 20 arų žemės sklypas'),(1082,'en','Namas\\ArcanaBundle\\Entity\\image','title','309','Naujoji Akmenė Suginčių g. 27 žemės sklypas'),(1083,'en','Namas\\ArcanaBundle\\Entity\\image','description','309','Naujoji Akmenė Suginčių g. 27 žemės sklypas'),(1084,'en','Namas\\ArcanaBundle\\Entity\\image','title','310','Naujoji Akmenė Suginčių g. 27 žemės sklypas'),(1085,'en','Namas\\ArcanaBundle\\Entity\\image','description','310','Naujoji Akmenė Suginčių g. 27 žemės sklypas'),(1086,'en','Namas\\ArcanaBundle\\Entity\\image','title','311','Naujoji Akmenė Suginčių g. 27 žemės sklypas'),(1087,'en','Namas\\ArcanaBundle\\Entity\\image','description','311','Naujoji Akmenė Suginčių g. 27 žemės sklypas'),(1088,'en','Namas\\ArcanaBundle\\Entity\\image','title','312','Naujoji Akmenė Suginčių g. 27 žemės sklypas'),(1089,'en','Namas\\ArcanaBundle\\Entity\\image','description','312','Naujoji Akmenė Suginčių g. 27 žemės sklypas'),(1090,'en','Namas\\ArcanaBundle\\Entity\\image','title','313','Naujoji Akmenė Suginčių g. 27 žemės sklypas'),(1091,'en','Namas\\ArcanaBundle\\Entity\\image','description','313','Naujoji Akmenė Suginčių g. 27 žemės sklypas'),(1092,'en','Namas\\ArcanaBundle\\Entity\\image','title','314','Naujoji Akmenė Suginčių g. 27 žemės sklypas'),(1093,'en','Namas\\ArcanaBundle\\Entity\\image','description','314','Naujoji Akmenė Suginčių g. 27 žemės sklypas'),(1094,'en','Namas\\ArcanaBundle\\Entity\\image','title','315','Naujoji Akmenė Suginčių g. 27 žemės sklypas'),(1095,'en','Namas\\ArcanaBundle\\Entity\\image','description','315','Naujoji Akmenė Suginčių g. 27 žemės sklypas'),(1096,'en','Namas\\ArcanaBundle\\Entity\\image','title','316','Naujoji Akmenė Suginčių g. 29 žemės sklypas'),(1097,'en','Namas\\ArcanaBundle\\Entity\\image','description','316','Naujoji Akmenė Suginčių g. 29 žemės sklypas'),(1098,'en','Namas\\ArcanaBundle\\Entity\\image','title','317','Naujoji Akmenė Suginčių g. 29 žemės sklypas'),(1099,'en','Namas\\ArcanaBundle\\Entity\\image','description','317','Naujoji Akmenė Suginčių g. 29 žemės sklypas'),(1100,'en','Namas\\ArcanaBundle\\Entity\\image','title','318','Naujoji Akmenė Suginčių g. 29 žemės sklypas'),(1101,'en','Namas\\ArcanaBundle\\Entity\\image','description','318','Naujoji Akmenė Suginčių g. 29 žemės sklypas'),(1102,'en','Namas\\ArcanaBundle\\Entity\\image','title','319','Naujoji Akmenė Suginčių g. 29 žemės sklypas'),(1103,'en','Namas\\ArcanaBundle\\Entity\\image','description','319','Naujoji Akmenė Suginčių g. 29 žemės sklypas'),(1104,'en','Namas\\ArcanaBundle\\Entity\\image','title','320','Naujoji Akmenė Suginčių g. 29 žemės sklypas'),(1105,'en','Namas\\ArcanaBundle\\Entity\\image','description','320','Naujoji Akmenė Suginčių g. 29 žemės sklypas'),(1106,'en','Namas\\ArcanaBundle\\Entity\\image','title','321','Naujoji Akmenė Suginčių g. 29 žemės sklypas'),(1107,'en','Namas\\ArcanaBundle\\Entity\\image','description','321','Naujoji Akmenė Suginčių g. 29 žemės sklypas'),(1111,'en','Namas\\ArcanaBundle\\Entity\\image','title','322','Mažeikių raj. Palnosų k. žemės ūkio paskirties sklypas'),(1112,'en','Namas\\ArcanaBundle\\Entity\\image','description','322','Mažeikių raj. Palnosų k. žemės ūkio paskirties sklypas'),(1113,'en','Namas\\ArcanaBundle\\Entity\\image','title','323','Mažeikių raj. Palnosų k. žemės ūkio paskirties sklypas'),(1114,'en','Namas\\ArcanaBundle\\Entity\\image','description','323','Mažeikių raj. Palnosų k. žemės ūkio paskirties sklypas'),(1115,'en','Namas\\ArcanaBundle\\Entity\\image','title','324','Mažeikių raj. Palnosų k. žemės ūkio paskirties sklypas'),(1116,'en','Namas\\ArcanaBundle\\Entity\\image','description','324','Mažeikių raj. Palnosų k. žemės ūkio paskirties sklypas'),(1117,'en','Namas\\ArcanaBundle\\Entity\\image','title','325','Mažeikių raj. Palnosų k. žemės ūkio paskirties sklypas'),(1118,'en','Namas\\ArcanaBundle\\Entity\\image','description','325','Mažeikių raj. Palnosų k. žemės ūkio paskirties sklypas'),(1119,'en','Namas\\ArcanaBundle\\Entity\\image','title','326','Mažeikių raj. Palnosų k. žemės ūkio paskirties sklypas'),(1120,'en','Namas\\ArcanaBundle\\Entity\\image','description','326','Mažeikių raj. Palnosų k. žemės ūkio paskirties sklypas'),(1121,'en','Namas\\ArcanaBundle\\Entity\\image','title','327','Akmenė, Stoties g. žemės sklypas namo statybai'),(1122,'en','Namas\\ArcanaBundle\\Entity\\image','description','327','Akmenė, Stoties g. žemės sklypas namo statybai'),(1123,'en','Namas\\ArcanaBundle\\Entity\\image','title','328','Akmenė, Stoties g. žemės sklypas namo statybai'),(1124,'en','Namas\\ArcanaBundle\\Entity\\image','description','328','Akmenė, Stoties g. žemės sklypas namo statybai'),(1125,'en','Namas\\ArcanaBundle\\Entity\\image','title','329','Akmenė, Stoties g. žemės sklypas namo statybai'),(1126,'en','Namas\\ArcanaBundle\\Entity\\image','description','329','Akmenė, Stoties g. žemės sklypas namo statybai'),(1127,'en','Namas\\ArcanaBundle\\Entity\\image','title','330','Akmenė, Stoties g. žemės sklypas namo statybai'),(1128,'en','Namas\\ArcanaBundle\\Entity\\image','description','330','Akmenė, Stoties g. žemės sklypas namo statybai'),(1129,'en','Namas\\ArcanaBundle\\Entity\\image','title','331','Akmenė, Stoties g. žemės sklypas namo statybai'),(1130,'en','Namas\\ArcanaBundle\\Entity\\image','description','331','Akmenė, Stoties g. žemės sklypas namo statybai'),(1131,'en','Namas\\ArcanaBundle\\Entity\\image','title','332','Naujoji Akmenė, sodų bendrija „EIBUČIAI“ Lubinų g. sodas.'),(1132,'en','Namas\\ArcanaBundle\\Entity\\image','description','332','Naujoji Akmenė, sodų bendrija „EIBUČIAI“ Lubinų g. sodas.'),(1133,'en','Namas\\ArcanaBundle\\Entity\\image','title','333','Naujoji Akmenė, sodų bendrija „EIBUČIAI“ Lubinų g. sodas.'),(1134,'en','Namas\\ArcanaBundle\\Entity\\image','description','333','Naujoji Akmenė, sodų bendrija „EIBUČIAI“ Lubinų g. sodas.'),(1135,'en','Namas\\ArcanaBundle\\Entity\\image','title','334','Naujoji Akmenė, sodų bendrija „EIBUČIAI“ Lubinų g. sodas.'),(1136,'en','Namas\\ArcanaBundle\\Entity\\image','description','334','Naujoji Akmenė, sodų bendrija „EIBUČIAI“ Lubinų g. sodas.'),(1137,'en','Namas\\ArcanaBundle\\Entity\\image','title','335','Naujoji Akmenė, sodų bendrija „EIBUČIAI“ Sodininkų g. sodas.'),(1138,'en','Namas\\ArcanaBundle\\Entity\\image','description','335','Naujoji Akmenė, sodų bendrija „EIBUČIAI“ Sodininkų g. sodas.'),(1139,'en','Namas\\ArcanaBundle\\Entity\\image','title','336','Naujoji Akmenė, sodų bendrija „EIBUČIAI“ Sodininkų g. sodas.'),(1140,'en','Namas\\ArcanaBundle\\Entity\\image','description','336','Naujoji Akmenė, sodų bendrija „EIBUČIAI“ Sodininkų g. sodas.'),(1141,'en','Namas\\ArcanaBundle\\Entity\\image','title','337','Naujoji Akmenė, sodų bendrija „EIBUČIAI“ Sodininkų g. sodas.'),(1142,'en','Namas\\ArcanaBundle\\Entity\\image','description','337','Naujoji Akmenė, sodų bendrija „EIBUČIAI“ Sodininkų g. sodas.'),(1143,'en','Namas\\ArcanaBundle\\Entity\\image','title','338','Naujoji Akmenė, sodų bendrija „RAMUČIAI“, Kalijų g. sodas'),(1144,'en','Namas\\ArcanaBundle\\Entity\\image','description','338','Naujoji Akmenė, sodų bendrija „RAMUČIAI“, Kalijų g. sodas'),(1145,'en','Namas\\ArcanaBundle\\Entity\\image','title','339','Naujoji Akmenė, sodų bendrija „RAMUČIAI“, Kalijų g. sodas'),(1146,'en','Namas\\ArcanaBundle\\Entity\\image','description','339','Naujoji Akmenė, sodų bendrija „RAMUČIAI“, Kalijų g. sodas'),(1147,'en','Namas\\ArcanaBundle\\Entity\\image','title','340','Naujoji Akmenė, sodų bendrija „RAMUČIAI“, Kalijų g. sodas'),(1148,'en','Namas\\ArcanaBundle\\Entity\\image','description','340','Naujoji Akmenė, sodų bendrija „RAMUČIAI“, Kalijų g. sodas'),(1149,'ru','Namas\\ArcanaBundle\\Entity\\land','title','10','Науйойи  Акмяне, садовое товарищество «РАМУЧЯЙ», ул. Калию, сад'),(1150,'ru','Namas\\ArcanaBundle\\Entity\\land','address','10','Науйойи  Акмяне, садовое товарищество «РАМУЧЯЙ», ул. Калию'),(1151,'ru','Namas\\ArcanaBundle\\Entity\\land','description','10','В садовом товариществе «РАМУЧЯЙ» (Науйойи Акмяне) продается сад площадью 6 ар. На садовом участке возможно строительство жилого дома. Хороший подъезд; имеются все коммуникации, проведено электричество. На территории товарищества уже построены два жилых дома. Цена – 900 евро.'),(1152,'en','Namas\\ArcanaBundle\\Entity\\land','title','11','Klaipėdos raj. Trušelių k. Vorupėnų g. žemės sklypas'),(1153,'en','Namas\\ArcanaBundle\\Entity\\land','address','11','Klaipėdos raj. Trušelių k. Vorupėnų g.'),(1154,'en','Namas\\ArcanaBundle\\Entity\\land','description','11','Klaipėdos rajone Trušelių kaime Vorupėnų gatvėje parduodamas 0,1022ha žemės sklypas mažaaukščių  namų statybai. Unikalus Nr. 4400-1057-7036. Kaina – 10000 eurų.'),(1155,'en','Namas\\ArcanaBundle\\Entity\\image','title','341','Klaipėdos raj. Trušelių k. Vorupėnų g. žemės sklypas'),(1156,'en','Namas\\ArcanaBundle\\Entity\\image','description','341','Klaipėdos raj. Trušelių k. Vorupėnų g. žemės sklypas'),(1157,'en','Namas\\ArcanaBundle\\Entity\\image','title','342','Klaipėdos raj. Trušelių k. Vorupėnų g. žemės sklypas'),(1158,'en','Namas\\ArcanaBundle\\Entity\\image','description','342','Klaipėdos raj. Trušelių k. Vorupėnų g. žemės sklypas'),(1159,'en','Namas\\ArcanaBundle\\Entity\\image','title','343','Klaipėdos raj. Trušelių k. Vorupėnų g. žemės sklypas'),(1160,'en','Namas\\ArcanaBundle\\Entity\\image','description','343','Klaipėdos raj. Trušelių k. Vorupėnų g. žemės sklypas'),(1161,'en','Namas\\ArcanaBundle\\Entity\\image','title','344','Klaipėdos raj. Trušelių k. Vorupėnų g. žemės sklypas'),(1162,'en','Namas\\ArcanaBundle\\Entity\\image','description','344','Klaipėdos raj. Trušelių k. Vorupėnų g. žemės sklypas'),(1163,'en','Namas\\ArcanaBundle\\Entity\\image','title','345','Klaipėdos raj. Trušelių k. Vorupėnų g. žemės sklypas'),(1164,'en','Namas\\ArcanaBundle\\Entity\\image','description','345','Klaipėdos raj. Trušelių k. Vorupėnų g. žemės sklypas'),(1165,'ru','Namas\\ArcanaBundle\\Entity\\land','title','11','Клайпедский р-н, пос. Трушялю, ул. Ворупену земельный участок'),(1166,'ru','Namas\\ArcanaBundle\\Entity\\land','address','11','Клайпедский р-н, пос. Трушялю, ул. Ворупену'),(1167,'ru','Namas\\ArcanaBundle\\Entity\\land','description','11','В поселке Трушялю Клайпедского р-на по ул. Ворупену продается земельный участок 0,1022 га, предназначенный для строительства малоэтажных домов. Уникальный номер: 4400-1057-7036. Цена – 10000 евро.'),(1168,'en','Namas\\ArcanaBundle\\Entity\\forest','title','1','Švenčionių raj. Daumilų k. miškas 7,09 ha'),(1169,'en','Namas\\ArcanaBundle\\Entity\\forest','address','1','Švenčionių raj. Daumilų k.'),(1170,'en','Namas\\ArcanaBundle\\Entity\\forest','description','1','Švenčionių raj. Daumilų kaime parduodamas miškas 7,09 ha. Kadastrinis Nr. 8664/0007:120. Kaina – 25500 Lt / 7500 eurų.'),(1171,'en','Namas\\ArcanaBundle\\Entity\\image','title','346','Švenčionių raj. Daumilų k. miškas 7,09 ha'),(1172,'en','Namas\\ArcanaBundle\\Entity\\image','description','346','Švenčionių raj. Daumilų k. miškas 7,09 ha'),(1173,'en','Namas\\ArcanaBundle\\Entity\\image','title','347','Švenčionių raj. Daumilų k. miškas 7,09 ha'),(1174,'en','Namas\\ArcanaBundle\\Entity\\image','description','347','Švenčionių raj. Daumilų k. miškas 7,09 ha'),(1175,'en','Namas\\ArcanaBundle\\Entity\\image','title','348','Švenčionių raj. Daumilų k. miškas 7,09 ha'),(1176,'en','Namas\\ArcanaBundle\\Entity\\image','description','348','Švenčionių raj. Daumilų k. miškas 7,09 ha'),(1177,'ru','Namas\\ArcanaBundle\\Entity\\forest','title','1','Швянчёняйский р-н, пос. Даумилу, лес 7,09 га'),(1178,'ru','Namas\\ArcanaBundle\\Entity\\forest','address','1','Швянчёняйский р-н, пос. Даумилу'),(1179,'ru','Namas\\ArcanaBundle\\Entity\\forest','description','1','В послеке Даумилу Швянчёняйского р-на продается 7,09 га леса. Кадастровый номер: 8664/0007:120. Цена – 7500 евро.'),(1180,'en','Namas\\ArcanaBundle\\Entity\\forest','title','2','Telšių raj. Nerimdaičių mstl. miškas 6,2 ha'),(1181,'en','Namas\\ArcanaBundle\\Entity\\forest','address','2','Telšių raj. Nerimdaičių mstl.'),(1182,'en','Namas\\ArcanaBundle\\Entity\\forest','description','2','Telšių raj. Nerimdaičių miestelyje (Nevarėnų sen.) parduodamas miškas 6,2 ha. Kadastrinis Nr. 7843/0003:177 Nerimdaičių k. v. Unikalis Nr. 4400-1233-0280. Kaina – 18600 Lt / 5500 eurų.'),(1183,'en','Namas\\ArcanaBundle\\Entity\\image','title','349','Telšių raj. Nerimdaičių mstl. miškas 6,2 ha'),(1184,'en','Namas\\ArcanaBundle\\Entity\\image','description','349','Telšių raj. Nerimdaičių mstl. miškas 6,2 ha'),(1185,'en','Namas\\ArcanaBundle\\Entity\\image','title','350','Telšių raj. Nerimdaičių mstl. miškas 6,2 ha'),(1186,'en','Namas\\ArcanaBundle\\Entity\\image','description','350','Telšių raj. Nerimdaičių mstl. miškas 6,2 ha'),(1187,'en','Namas\\ArcanaBundle\\Entity\\image','title','351','Telšių raj. Nerimdaičių mstl. miškas 6,2 ha'),(1188,'en','Namas\\ArcanaBundle\\Entity\\image','description','351','Telšių raj. Nerimdaičių mstl. miškas 6,2 ha'),(1189,'ru','Namas\\ArcanaBundle\\Entity\\forest','title','2','Тельшяйский р-н, г. Неримдайчю, лес 6,2 га'),(1190,'ru','Namas\\ArcanaBundle\\Entity\\forest','address','2','Тельшяйский р-н, г. Неримдайчю'),(1191,'ru','Namas\\ArcanaBundle\\Entity\\forest','description','2','В городке Неримдайчю Тельшяйского р-на продается 6,2 га леса. Кадастровый номер: 7843/0003:177. Уникальный номер: 4400-1233-0280. Цена – 5500 евро.'),(1192,'en','Namas\\ArcanaBundle\\Entity\\land','title','12','Mažeikių raj. Giniočių k. (Židikų sen.) žemės ūkio paskirties sklypo 1/3 dalis'),(1193,'en','Namas\\ArcanaBundle\\Entity\\land','address','12','Mažeikių raj. Giniočių k. (Židikų sen.)'),(1194,'en','Namas\\ArcanaBundle\\Entity\\land','description','12','Mažeikių r. sav. Židikų sen. Giniočių kaime parduodama viena trečioji (0,53 ha) bendro žemės ūkio paskirties sklypo (1,60 ha) dalis; našumo balas 38. 1 ha/7000 Lt.  Kadastrinis Nr. 6134/0008:265 Pikelių k. v. Kaina – 3710 Lt / 1100 eurų'),(1195,'en','Namas\\ArcanaBundle\\Entity\\image','title','352','Mažeikių raj. Giniočių k. (Židikų sen.) žemės ūkio paskirties sklypo 1/3 dalis'),(1196,'en','Namas\\ArcanaBundle\\Entity\\image','description','352','Mažeikių raj. Giniočių k. (Židikų sen.) žemės ūkio paskirties sklypo 1/3 dalis'),(1197,'en','Namas\\ArcanaBundle\\Entity\\image','title','353','Mažeikių raj. Giniočių k. (Židikų sen.) žemės ūkio paskirties sklypo 1/3 dalis'),(1198,'en','Namas\\ArcanaBundle\\Entity\\image','description','353','Mažeikių raj. Giniočių k. (Židikų sen.) žemės ūkio paskirties sklypo 1/3 dalis'),(1199,'en','Namas\\ArcanaBundle\\Entity\\image','title','354','Mažeikių raj. Giniočių k. (Židikų sen.) žemės ūkio paskirties sklypo 1/3 dalis'),(1200,'en','Namas\\ArcanaBundle\\Entity\\image','description','354','Mažeikių raj. Giniočių k. (Židikų sen.) žemės ūkio paskirties sklypo 1/3 dalis'),(1201,'ru','Namas\\ArcanaBundle\\Entity\\land','title','12','Мажейкяйский р-н, пос. Гинёчю, 1/3 часть земельного участка'),(1202,'ru','Namas\\ArcanaBundle\\Entity\\land','address','12','Мажейкяйский р-н, пос. Гинёчю'),(1203,'ru','Namas\\ArcanaBundle\\Entity\\land','description','12','В пос. Гинёчю Мажейкяйского р-на продается 1/3 часть (0,53 гa) земельного участка сельскохозяйственного назначения (1,60 га); балл урожайности – 38. 1 га/7000 литов. Кадастровый номер: 6134/0008:265. Цена – 1100 евро.'),(1204,'en','Namas\\ArcanaBundle\\Entity\\land','title','13','Kėdainių raj. Kutiškių k. žemės ūkio paskirties sklypas'),(1205,'en','Namas\\ArcanaBundle\\Entity\\land','address','13','Kėdainių raj. Kutiškių k.'),(1206,'en','Namas\\ArcanaBundle\\Entity\\land','description','13','Kėdainių rajono Kutiškių kaime parduodamas 0,4800 ha žemės ūkio paskirties sklypas, našumo balas 60. Kadastrinis Nr. 5325/0004:63 Kalnaberžės k.v. Kaina 5200 Lt / 1700 eurų'),(1207,'en','Namas\\ArcanaBundle\\Entity\\image','title','355','Kėdainių raj. Kutiškių k. žemės ūkio paskirties sklypas'),(1208,'en','Namas\\ArcanaBundle\\Entity\\image','description','355','Kėdainių raj. Kutiškių k. žemės ūkio paskirties sklypas'),(1209,'en','Namas\\ArcanaBundle\\Entity\\image','title','356','Kėdainių raj. Kutiškių k. žemės ūkio paskirties sklypas'),(1210,'en','Namas\\ArcanaBundle\\Entity\\image','description','356','Kėdainių raj. Kutiškių k. žemės ūkio paskirties sklypas'),(1211,'en','Namas\\ArcanaBundle\\Entity\\image','title','357','Kėdainių raj. Kutiškių k. žemės ūkio paskirties sklypas'),(1212,'en','Namas\\ArcanaBundle\\Entity\\image','description','357','Kėdainių raj. Kutiškių k. žemės ūkio paskirties sklypas'),(1213,'en','Namas\\ArcanaBundle\\Entity\\image','title','358','Kėdainių raj. Kutiškių k. žemės ūkio paskirties sklypas'),(1214,'en','Namas\\ArcanaBundle\\Entity\\image','description','358','Kėdainių raj. Kutiškių k. žemės ūkio paskirties sklypas'),(1215,'ru','Namas\\ArcanaBundle\\Entity\\land','title','13','Кеданяйский р-н, пос. Кутишкю, земельный участок'),(1216,'ru','Namas\\ArcanaBundle\\Entity\\land','address','13','Кеданяйский р-н, пос. Кутишкю'),(1217,'ru','Namas\\ArcanaBundle\\Entity\\land','description','13','В пос. Кутишкю Кедайняйского р-на продается земельный участок сельскохозяйственного назначения площадью 0,4800 га. Балл урожайности – 60. Кадастровый номер: 5325.0004:63. Цена – 1700 евро.'),(1218,'en','Namas\\ArcanaBundle\\Entity\\apartment','address','19','Naujoji Akmenė Respublikos g. 18'),(1219,'en','Namas\\ArcanaBundle\\Entity\\apartment','title','19','Naujoji Akmenė Respublikos g. 18 dviejų kambarių butas'),(1220,'en','Namas\\ArcanaBundle\\Entity\\apartment','description','19','Naujosios Akmenės mieste Respublikos g. 18 parduodamas 47,12 kv.m. dviejų kambarių butas penktame aukšte. Butas gero išplanavimo, nekampinis, nepereinami kambariai. Pradėtas remontas, pakeisti visi langai. Tualetas ir vonia kartu. Tvarkinga, nesenai išdažyta laiptinė. Prie namo visą parą yra galimybė pasistatyti mašiną. Šalia parduotuvė. Netoli mokykla ir vaikų darželis. Kaina – 11 000 Lt / 3300 eurų.'),(1221,'en','Namas\\ArcanaBundle\\Entity\\apartment','operation','19','sell'),(1222,'en','Namas\\ArcanaBundle\\Entity\\image','title','359','Naujoji Akmenė Respublikos g. 18 dviejų kambarių butas'),(1223,'en','Namas\\ArcanaBundle\\Entity\\image','description','359','Naujoji Akmenė Respublikos g. 18 dviejų kambarių butas'),(1224,'en','Namas\\ArcanaBundle\\Entity\\image','title','360','Naujoji Akmenė Respublikos g. 18 dviejų kambarių butas'),(1225,'en','Namas\\ArcanaBundle\\Entity\\image','description','360','Naujoji Akmenė Respublikos g. 18 dviejų kambarių butas'),(1226,'en','Namas\\ArcanaBundle\\Entity\\image','title','361','Naujoji Akmenė Respublikos g. 18 dviejų kambarių butas'),(1227,'en','Namas\\ArcanaBundle\\Entity\\image','description','361','Naujoji Akmenė Respublikos g. 18 dviejų kambarių butas'),(1228,'en','Namas\\ArcanaBundle\\Entity\\image','title','362','Naujoji Akmenė Respublikos g. 18 dviejų kambarių butas'),(1229,'en','Namas\\ArcanaBundle\\Entity\\image','description','362','Naujoji Akmenė Respublikos g. 18 dviejų kambarių butas'),(1230,'en','Namas\\ArcanaBundle\\Entity\\image','title','363','Naujoji Akmenė Respublikos g. 18 dviejų kambarių butas'),(1231,'en','Namas\\ArcanaBundle\\Entity\\image','description','363','Naujoji Akmenė Respublikos g. 18 dviejų kambarių butas'),(1232,'ru','Namas\\ArcanaBundle\\Entity\\apartment','address','19','Науйойи Акмяне, ул. Республикос д. 18'),(1233,'ru','Namas\\ArcanaBundle\\Entity\\apartment','title','19','Науйойи Акмяне, ул. Республикос д. 18 двухкомнатная квартира'),(1234,'ru','Namas\\ArcanaBundle\\Entity\\apartment','description','19','В городе Науйойи Акмяне по ул. Республикос д. 18 продается двухкомнатная квартира площадью 47,12 кв.м. Квартира находится на пятом этаже пятиэтажного дома. Квартира хорошей планировки, не угловая, две изолированные непроходные комнаты. Начат ремонт, заменены все окна. Совмещенный санузел. Аккуратный недавно покрашенный подъезд. У дома в любое время можно припарковать машину. Рядом с домом находится магазин. Недалеко школа и детский сад. Цена – 3100 евро.'),(1235,'ru','Namas\\ArcanaBundle\\Entity\\apartment','operation','19','sell'),(1236,'en','Namas\\ArcanaBundle\\Entity\\land','title','14','Klaipėdos raj. Pipirų k. žemės ūkio paskirties sklypas 1,95 ha'),(1237,'en','Namas\\ArcanaBundle\\Entity\\land','address','14','Klaipėdos raj. Pipirų k.'),(1238,'en','Namas\\ArcanaBundle\\Entity\\land','description','14','Kleipėdos raj. Pipirų kaime parduodamas žemės ūkio paskirties sklypas 1,95 ha. Sklypas randasi atokiau nuo Pipirų kaimo labai gražioje ramioje vietoje. Jis ribojasi su mišku, netoliese teka upelis. Geras privažiavimas. Sklypas yra taisyklingos formos; randasi geltonoje zonoje pagal strateginį teritorijų planą. Našumo balas 46. Kaina – 60000 Lt / 17400 eurų.'),(1239,'en','Namas\\ArcanaBundle\\Entity\\image','title','364','Klaipėdos raj. Pipirų k. žemės ūkio paskirties sklypas 1,95 ha'),(1240,'en','Namas\\ArcanaBundle\\Entity\\image','description','364','Klaipėdos raj. Pipirų k. žemės ūkio paskirties sklypas 1,95 ha'),(1241,'en','Namas\\ArcanaBundle\\Entity\\image','title','365','Klaipėdos raj. Pipirų k. žemės ūkio paskirties sklypas 1,95 ha'),(1242,'en','Namas\\ArcanaBundle\\Entity\\image','description','365','Klaipėdos raj. Pipirų k. žemės ūkio paskirties sklypas 1,95 ha'),(1243,'en','Namas\\ArcanaBundle\\Entity\\image','title','366','Klaipėdos raj. Pipirų k. žemės ūkio paskirties sklypas 1,95 ha'),(1244,'en','Namas\\ArcanaBundle\\Entity\\image','description','366','Klaipėdos raj. Pipirų k. žemės ūkio paskirties sklypas 1,95 ha'),(1245,'en','Namas\\ArcanaBundle\\Entity\\land','title','15','Klaipėdos raj. Pipirų k. žemės ūkio paskirties sklypas 3 ha'),(1246,'en','Namas\\ArcanaBundle\\Entity\\land','address','15','Klaipėdos raj. Pipirų k.'),(1247,'en','Namas\\ArcanaBundle\\Entity\\land','description','15','Kleipėdos raj. Pipirų kaime parduodamas žemės ūkio paskirties sklypas 3 ha. Sklypas yra labai gražioje ir ramioje vietoje, ant kalno. Jis ribojasi su mišku, netoliese teka Danės upė. Sklype galima ūkininko sodybos statyba; yra gauti visi leidimai. Kaina – 70000 Lt / 20300 eurų'),(1248,'en','Namas\\ArcanaBundle\\Entity\\image','title','367','Klaipėdos raj. Pipirų k. žemės ūkio paskirties sklypas 3 ha'),(1249,'en','Namas\\ArcanaBundle\\Entity\\image','description','367','Klaipėdos raj. Pipirų k. žemės ūkio paskirties sklypas 3 ha'),(1250,'en','Namas\\ArcanaBundle\\Entity\\image','title','368','Klaipėdos raj. Pipirų k. žemės ūkio paskirties sklypas 3 ha'),(1251,'en','Namas\\ArcanaBundle\\Entity\\image','description','368','Klaipėdos raj. Pipirų k. žemės ūkio paskirties sklypas 3 ha'),(1252,'en','Namas\\ArcanaBundle\\Entity\\image','title','369','Klaipėdos raj. Pipirų k. žemės ūkio paskirties sklypas 3 ha'),(1253,'en','Namas\\ArcanaBundle\\Entity\\image','description','369','Klaipėdos raj. Pipirų k. žemės ūkio paskirties sklypas 3 ha'),(1254,'ru','Namas\\ArcanaBundle\\Entity\\land','title','14','Клайпедский р-н, пос. Пипиру, земельный участок 1,95 га'),(1255,'ru','Namas\\ArcanaBundle\\Entity\\land','address','14','Клайпедский р-н, пос. Пипиру'),(1256,'ru','Namas\\ArcanaBundle\\Entity\\land','description','14','В поселке Пипиру Клайпедского р-на продается земельный участок сельскохозяйственного назначения площадью 1,95 га. Участок находится в отдалении от поселка, в очень спокойном и живописном месте. Он граничит с лесом, недалеко протекает река. Хороший подъезд. Участок имеет правильную форму и находится в желтой зоне (по стратегическому территориальному плану). Балл урожайности – 46. Цена – 17400 евро.'),(1257,'ru','Namas\\ArcanaBundle\\Entity\\land','title','15','Клайпедский р-н, пос. Пипиру, земельный участок 3 га'),(1258,'ru','Namas\\ArcanaBundle\\Entity\\land','address','15','Клайпедский р-н, пос. Пипиру'),(1259,'ru','Namas\\ArcanaBundle\\Entity\\land','description','15','В поселке Пипиру Клайпедского р-на продается земельный участок сельскохозяйственного назначения площадью 3 га. Участок находится на холме, в очень спокойном и живописном месте. Он граничит с лесом, недалеко протекает река Дане. На участке возможно строительство усадьбы; получены все разрешения. Цена – 20300 евро.'),(1260,'en','Namas\\ArcanaBundle\\Entity\\land','title','16','Klaipėdos raj. Potrų k., žemės sklypas 0,81 ha'),(1261,'en','Namas\\ArcanaBundle\\Entity\\land','address','16','Klaipėdos raj. Potrų k.'),(1262,'en','Namas\\ArcanaBundle\\Entity\\land','description','16','Klaipėdos raj. Potrų kaime parduodamas priklausantis geltonai zonai žemės sklypas 0,81 ha. Sklypas puikiai tinka sodybai statyti, geras privažiavimas, labai graži ir rami aplinka. Sklypas ribojasi su Rąžės upeliu. Kaina – 40000 Lt / 11600 eurų.'),(1263,'en','Namas\\ArcanaBundle\\Entity\\image','title','370','Klaipėdos raj. Potrų k., žemės sklypas 0,81 ha'),(1264,'en','Namas\\ArcanaBundle\\Entity\\image','description','370','Klaipėdos raj. Potrų k., žemės sklypas 0,81 ha'),(1265,'en','Namas\\ArcanaBundle\\Entity\\image','title','372','Klaipėdos raj. Potrų k., žemės sklypas 0,81 ha'),(1266,'en','Namas\\ArcanaBundle\\Entity\\image','description','372','Klaipėdos raj. Potrų k., žemės sklypas 0,81 ha'),(1267,'en','Namas\\ArcanaBundle\\Entity\\image','title','373','Klaipėdos raj. Potrų k., žemės sklypas 0,81 ha'),(1268,'en','Namas\\ArcanaBundle\\Entity\\image','description','373','Klaipėdos raj. Potrų k., žemės sklypas 0,81 ha'),(1269,'ru','Namas\\ArcanaBundle\\Entity\\land','title','16','Клайпедский р-н, пос. Потру, земельный участок 0,81 га'),(1270,'ru','Namas\\ArcanaBundle\\Entity\\land','address','16','Клайпедский р-н, пос. Потру'),(1271,'ru','Namas\\ArcanaBundle\\Entity\\land','description','16','В поселке Потру Клайпедского р-на продается земельный участок 0,81 га. Участок находится в желтой зоне (по стратегическому территориальному плану). Участок идеально подходит для строительства усадьбы: очень хороший подъезд, спокойное и живописное место. Естественной границей участка является река Раже. Цена – 11600 евро.'),(1272,'en','Namas\\ArcanaBundle\\Entity\\land','title','17','Skuodo raj. Palegijos k. ½ žemės ūkio paskirties sklypo'),(1273,'en','Namas\\ArcanaBundle\\Entity\\land','address','17','Skuodo raj. Palegijos k.'),(1274,'en','Namas\\ArcanaBundle\\Entity\\land','description','17','Skuodo raj. Palegijos kaime parduodama ½ (1,26 ha) žemės  ūkio paskirties sklypo (2,52 ha) dalis; našumo balas 54. 1 ha / 7000 Lt. Kadastrinis Nr. 7520/0004:112 Lenkimų  k.v. Kaina – 8820 Lt / 2650 eurų.'),(1275,'en','Namas\\ArcanaBundle\\Entity\\image','title','374','Skuodo raj. Palegijos k. ½ žemės ūkio paskirties sklypo'),(1276,'en','Namas\\ArcanaBundle\\Entity\\image','description','374','Skuodo raj. Palegijos k. ½ žemės ūkio paskirties sklypo'),(1277,'en','Namas\\ArcanaBundle\\Entity\\image','title','375','Skuodo raj. Palegijos k. ½ žemės ūkio paskirties sklypo'),(1278,'en','Namas\\ArcanaBundle\\Entity\\image','description','375','Skuodo raj. Palegijos k. ½ žemės ūkio paskirties sklypo'),(1279,'en','Namas\\ArcanaBundle\\Entity\\image','title','376','Skuodo raj. Palegijos k. ½ žemės ūkio paskirties sklypo'),(1280,'en','Namas\\ArcanaBundle\\Entity\\image','description','376','Skuodo raj. Palegijos k. ½ žemės ūkio paskirties sklypo'),(1281,'en','Namas\\ArcanaBundle\\Entity\\image','title','377','Skuodo raj. Palegijos k. ½ žemės ūkio paskirties sklypo'),(1282,'en','Namas\\ArcanaBundle\\Entity\\image','description','377','Skuodo raj. Palegijos k. ½ žemės ūkio paskirties sklypo'),(1283,'ru','Namas\\ArcanaBundle\\Entity\\land','title','17','Скуодский р-н пос. Палегиёс, ½ земельного участка'),(1284,'ru','Namas\\ArcanaBundle\\Entity\\land','address','17','Скуодский р-н пос. Палегиёс'),(1285,'ru','Namas\\ArcanaBundle\\Entity\\land','description','17','В поселке Палегиёс Скуодского р-на продается ½ часть (1,26 га) земельного участка сельскохозяйственного назначения (2,52 га); балл урожайности – 54. 1 га / 7000 литов. Кадастровый номер: 7520/0004:112. Цена – 2650 евро.'),(1286,'en','Namas\\ArcanaBundle\\Entity\\land','title','18','Mažeikių raj. Bučiškės k. žemės ūkio paskirties sklypas 5,7 ha'),(1287,'en','Namas\\ArcanaBundle\\Entity\\land','address','18','Mažeikių raj. Bučiškės k.'),(1288,'en','Namas\\ArcanaBundle\\Entity\\land','description','18','Mažeikių raj. Bučiškės kaime (Židikų sen.) parduodamas 5,7 ha žemės ūkio paskirties sklypas; našumo balas 35. Sklypas yra netoli Mažeikių naftos. Geras privažiavimas. Šiuo metu pieva. Kadastrinis Nr. 6134/0005:85 Pikelių k.v. 1 ha / 10000 Lt. Galima sklypo nuoma. Kaina – 57000 lt / 16500 eurų.'),(1289,'en','Namas\\ArcanaBundle\\Entity\\image','title','378','Mažeikių raj. Bučiškės k. žemės ūkio paskirties sklypas 5,7 ha'),(1290,'en','Namas\\ArcanaBundle\\Entity\\image','description','378','Mažeikių raj. Bučiškės k. žemės ūkio paskirties sklypas 5,7 ha'),(1291,'en','Namas\\ArcanaBundle\\Entity\\image','title','379','Mažeikių raj. Bučiškės k. žemės ūkio paskirties sklypas 5,7 ha'),(1292,'en','Namas\\ArcanaBundle\\Entity\\image','description','379','Mažeikių raj. Bučiškės k. žemės ūkio paskirties sklypas 5,7 ha'),(1293,'en','Namas\\ArcanaBundle\\Entity\\image','title','380','Mažeikių raj. Bučiškės k. žemės ūkio paskirties sklypas 5,7 ha'),(1294,'en','Namas\\ArcanaBundle\\Entity\\image','description','380','Mažeikių raj. Bučiškės k. žemės ūkio paskirties sklypas 5,7 ha'),(1295,'ru','Namas\\ArcanaBundle\\Entity\\land','title','18','Мажейкяйский р-н пос. Бучишкес, земельный участок 5,7 га'),(1296,'ru','Namas\\ArcanaBundle\\Entity\\land','address','18','Мажейкяйский р-н пос. Бучишкес'),(1297,'ru','Namas\\ArcanaBundle\\Entity\\land','description','18','В поселке Бучишкес Мажейкяйского р-на продается земельный участок сельскохозяйственного назначения площадью 5,7 га; балл урожайности – 35. Хороший подъезд к участку. В настоящее время – луг. Кадастровый номер: 6134/0005:85. Цена – 16500 евро.'),(1298,'en','Namas\\ArcanaBundle\\Entity\\land','title','19','Akmenės raj. Alkiškių k. žemės ūkio paskirties sklypas 0,20 ha'),(1299,'en','Namas\\ArcanaBundle\\Entity\\land','address','19','Akmenės raj. Alkiškių k.'),(1300,'en','Namas\\ArcanaBundle\\Entity\\land','description','19','Netoli Naujosios Akmenės Alkiškių k. parduodamas 0,20 ha žemės ūkio paskirties sklypas, našumo balas – 49.9. Žemės sklypas tinkamas saulės kolektorių montavimui/ šalia sklypo yra transformatorinė pastotė. Kadastrinis Nr. 3203/0001:232 Alkiškių k.v. Kaina – 3000 Lt / 1000 eurų.'),(1301,'en','Namas\\ArcanaBundle\\Entity\\image','title','381','Akmenės raj. Alkiškių k. žemės ūkio paskirties sklypas 0,20 ha'),(1302,'en','Namas\\ArcanaBundle\\Entity\\image','description','381','Akmenės raj. Alkiškių k. žemės ūkio paskirties sklypas 0,20 ha'),(1303,'en','Namas\\ArcanaBundle\\Entity\\image','title','382','Akmenės raj. Alkiškių k. žemės ūkio paskirties sklypas 0,20 ha'),(1304,'en','Namas\\ArcanaBundle\\Entity\\image','description','382','Akmenės raj. Alkiškių k. žemės ūkio paskirties sklypas 0,20 ha'),(1305,'en','Namas\\ArcanaBundle\\Entity\\image','title','383','Akmenės raj. Alkiškių k. žemės ūkio paskirties sklypas 0,20 ha'),(1306,'en','Namas\\ArcanaBundle\\Entity\\image','description','383','Akmenės raj. Alkiškių k. žemės ūkio paskirties sklypas 0,20 ha'),(1307,'ru','Namas\\ArcanaBundle\\Entity\\land','title','19','Акмянский р-н, пос. Алкишкю, земельный участок 0,20 га'),(1308,'ru','Namas\\ArcanaBundle\\Entity\\land','address','19','Акмянский р-н, пос. Алкишкю'),(1309,'ru','Namas\\ArcanaBundle\\Entity\\land','description','19','Недалеко от города Науйойи  Акмяне в поселке Алкишкю продается земельный участок сельскохозяйственного назначения площадью 0,20 га. Балл урожайности – 49,9. Земельный участок идеально подходит для установки солнечных батарей. Рядом с участком находится трансформаторная подстанция. Кадастровый номер: 3203/0001:232. Цена – 1000 евро.'),(1310,'en','Namas\\ArcanaBundle\\Entity\\land','title','20','Akmenės raj. Vėlaičių k., žemės ūkio paskirties sklypas 1,69 ha'),(1311,'en','Namas\\ArcanaBundle\\Entity\\land','address','20','Akmenės raj. Vėlaičių k.'),(1312,'en','Namas\\ArcanaBundle\\Entity\\land','description','20','Akmenės raj. Vėlaičių kaime (N. Akmenės kaimiškoji sen.) parduodamas 1,69 ha žemės ūkio paskirties sklypas, našumo balas 49.6. 1 ha/9000 lt. Kadastrinis Nr. 3243/0006:154 Ramučių  k.v. Galima sklypo nuoma. Kaina – 15210 Lt / 4500 eurų'),(1313,'en','Namas\\ArcanaBundle\\Entity\\image','title','384','Akmenės raj. Vėlaičių k., žemės ūkio paskirties sklypas 1,69 ha'),(1314,'en','Namas\\ArcanaBundle\\Entity\\image','description','384','Akmenės raj. Vėlaičių k., žemės ūkio paskirties sklypas 1,69 ha'),(1315,'en','Namas\\ArcanaBundle\\Entity\\image','title','385','Akmenės raj. Vėlaičių k., žemės ūkio paskirties sklypas 1,69 ha'),(1316,'en','Namas\\ArcanaBundle\\Entity\\image','description','385','Akmenės raj. Vėlaičių k., žemės ūkio paskirties sklypas 1,69 ha'),(1317,'en','Namas\\ArcanaBundle\\Entity\\image','title','386','Akmenės raj. Vėlaičių k., žemės ūkio paskirties sklypas 1,69 ha'),(1318,'en','Namas\\ArcanaBundle\\Entity\\image','description','386','Akmenės raj. Vėlaičių k., žemės ūkio paskirties sklypas 1,69 ha'),(1319,'ru','Namas\\ArcanaBundle\\Entity\\land','title','20','Акмянский р-н, пос. Велайчю, земельный участок 1,69 га'),(1320,'ru','Namas\\ArcanaBundle\\Entity\\land','address','20','Акмянский р-н, пос. Велайчю'),(1321,'ru','Namas\\ArcanaBundle\\Entity\\land','description','20','В поселке Велайчю Акмянского р-на продается земельный участок сельскохозяйственного назначения площадью 1,69 га. Балл урожайности – 49,6. 1 га/9000 литов. Кадастровый номер: 3243/0006:154. Возможна аренда участка. Цена – 4500 евро.'),(1322,'en','Namas\\ArcanaBundle\\Entity\\land','title','21','Akmenės raj., Vėlaičių k., žemės ūkio paskirties sklypas 0,79 ha'),(1323,'en','Namas\\ArcanaBundle\\Entity\\land','address','21','Akmenės raj., Vėlaičių k.'),(1324,'en','Namas\\ArcanaBundle\\Entity\\land','description','21','Akmenės raj. Vėlaičių kaime (N. Akmenės kaimiškoji sen.) parduodamas 0,79 ha žemės ūkio paskirties sklypas, našumo balas 45.6. 1 ha/9000 lt. Kadastrinis Nr. 3243/0006:155 Ramučių  k.v. Kaina – 7110 Lt / 2100 eurų'),(1325,'en','Namas\\ArcanaBundle\\Entity\\image','title','387','Akmenės raj., Vėlaičių k., žemės ūkio paskirties sklypas 0,79 ha'),(1326,'en','Namas\\ArcanaBundle\\Entity\\image','description','387','Akmenės raj., Vėlaičių k., žemės ūkio paskirties sklypas 0,79 ha'),(1327,'en','Namas\\ArcanaBundle\\Entity\\image','title','388','Akmenės raj., Vėlaičių k., žemės ūkio paskirties sklypas 0,79 ha'),(1328,'en','Namas\\ArcanaBundle\\Entity\\image','description','388','Akmenės raj., Vėlaičių k., žemės ūkio paskirties sklypas 0,79 ha'),(1331,'en','Namas\\ArcanaBundle\\Entity\\image','title','390','Akmenės raj., Vėlaičių k., žemės ūkio paskirties sklypas 0,79 ha'),(1332,'en','Namas\\ArcanaBundle\\Entity\\image','description','390','Akmenės raj., Vėlaičių k., žemės ūkio paskirties sklypas 0,79 ha'),(1333,'ru','Namas\\ArcanaBundle\\Entity\\land','title','21','Акмянский р-н, пос. Велайчю, земельный участок 0,79 га'),(1334,'ru','Namas\\ArcanaBundle\\Entity\\land','address','21','Акмянский р-н, пос. Велайчю'),(1335,'ru','Namas\\ArcanaBundle\\Entity\\land','description','21','В поселке Велайчю Акмянского р-на продается земельный участок сельскохозяйственного назначения площадью 0,79 га. Балл урожайности – 45,6. 1 га/9000 литов. Кадастровый номер: 3243/0006:155. Цена – 2100 евро.'),(1336,'en','Namas\\ArcanaBundle\\Entity\\image','title','391','Akmenės raj., Vėlaičių k., žemės ūkio paskirties sklypas 0,79 ha'),(1337,'en','Namas\\ArcanaBundle\\Entity\\image','description','391','Akmenės raj., Vėlaičių k., žemės ūkio paskirties sklypas 0,79 ha'),(1338,'en','Namas\\ArcanaBundle\\Entity\\land','title','22','Akmenės raj., Ramučių k., žemės ūkio paskirties sklypas 1,08 ha'),(1339,'en','Namas\\ArcanaBundle\\Entity\\land','address','22','Akmenės raj., Ramučių k.'),(1340,'en','Namas\\ArcanaBundle\\Entity\\land','description','22','Akmenės raj. Ramučių kaime (N. Akmenės kaimiškoji sen.) parduodamas 1,08 ha žemės ūkio paskirties sklypas, našumo balas 45,4. 1 ha/9000 lt. Kadastrinis Nr. 3203/0007:57 Alkiškių k.v. Galima sklypo nuoma. Kaina – 14000 Lt / 4100 eurų'),(1341,'en','Namas\\ArcanaBundle\\Entity\\image','title','392','Akmenės raj., Ramučių k., žemės ūkio paskirties sklypas 1,08 ha'),(1342,'en','Namas\\ArcanaBundle\\Entity\\image','description','392','Akmenės raj., Ramučių k., žemės ūkio paskirties sklypas 1,08 ha'),(1343,'en','Namas\\ArcanaBundle\\Entity\\image','title','393','Akmenės raj., Ramučių k., žemės ūkio paskirties sklypas 1,08 ha'),(1344,'en','Namas\\ArcanaBundle\\Entity\\image','description','393','Akmenės raj., Ramučių k., žemės ūkio paskirties sklypas 1,08 ha'),(1345,'en','Namas\\ArcanaBundle\\Entity\\image','title','394','Akmenės raj., Ramučių k., žemės ūkio paskirties sklypas 1,08 ha'),(1346,'en','Namas\\ArcanaBundle\\Entity\\image','description','394','Akmenės raj., Ramučių k., žemės ūkio paskirties sklypas 1,08 ha'),(1347,'ru','Namas\\ArcanaBundle\\Entity\\land','title','22','Акмянский р-н, пос. Рамучю, земельный участок 1,08 га'),(1348,'ru','Namas\\ArcanaBundle\\Entity\\land','address','22','Акмянский р-н, пос. Рамучю'),(1349,'ru','Namas\\ArcanaBundle\\Entity\\land','description','22','В поселке Рамучю Акмянского р-на продается земельный участок сельскохозяйственного назначения площадью 1,08 га. Балл урожайности – 45,4. 1 га/9000 литов. Кадастровый номер: 3203/0007:57. Возможна аренда участка. Цена – 2900 евро.'),(1350,'en','Namas\\ArcanaBundle\\Entity\\land','title','23','Akmenės raj. Tilžės k., žemės ūkio paskirties sklypas 1,21 ha'),(1351,'en','Namas\\ArcanaBundle\\Entity\\land','address','23','Akmenės raj. Tilžės k.'),(1352,'en','Namas\\ArcanaBundle\\Entity\\land','description','23','Akmenės raj. Tilžės kaime (N. Akmenės kaimiškoji sen.) parduodamas 1,21 ha žemės ūkio paskirties sklypas, našumo balas 41,0. 1 ha/9000 lt. Kadastrinis Nr. 3243/0001:500 Ramučių  k.v.  Galima sklypo nuoma. Kaina – 11200 Lt / 3250 eurų'),(1353,'en','Namas\\ArcanaBundle\\Entity\\image','title','395','Akmenės raj. Tilžės k., žemės ūkio paskirties sklypas 1,21 ha'),(1354,'en','Namas\\ArcanaBundle\\Entity\\image','description','395','Akmenės raj. Tilžės k., žemės ūkio paskirties sklypas 1,21 ha'),(1355,'en','Namas\\ArcanaBundle\\Entity\\image','title','396','Akmenės raj. Tilžės k., žemės ūkio paskirties sklypas 1,21 ha'),(1356,'en','Namas\\ArcanaBundle\\Entity\\image','description','396','Akmenės raj. Tilžės k., žemės ūkio paskirties sklypas 1,21 ha'),(1357,'en','Namas\\ArcanaBundle\\Entity\\image','title','397','Akmenės raj. Tilžės k., žemės ūkio paskirties sklypas 1,21 ha'),(1358,'en','Namas\\ArcanaBundle\\Entity\\image','description','397','Akmenės raj. Tilžės k., žemės ūkio paskirties sklypas 1,21 ha'),(1359,'en','Namas\\ArcanaBundle\\Entity\\image','title','398','Akmenės raj. Tilžės k., žemės ūkio paskirties sklypas 1,21 ha'),(1360,'en','Namas\\ArcanaBundle\\Entity\\image','description','398','Akmenės raj. Tilžės k., žemės ūkio paskirties sklypas 1,21 ha'),(1361,'ru','Namas\\ArcanaBundle\\Entity\\land','title','23','Акмянский р-н, пос. Тильжес, земельный участок 1,21 га'),(1362,'ru','Namas\\ArcanaBundle\\Entity\\land','address','23','Акмянский р-н, пос. Тильжес'),(1363,'ru','Namas\\ArcanaBundle\\Entity\\land','description','23','В поселке Рамучю Акмянского р-на продается земельный участок сельскохозяйственного назначения площадью 1,21 га. Балл урожайности – 41,0. 1 га/9000 литов. Кадастровый номер: 3243/0001:500. Возможна аренда участка. Цена – 3250 евро.'),(1364,'en','Namas\\ArcanaBundle\\Entity\\land','title','24','Plungės raj. Pauošnių k., žemės ūkio paskirties sklypas 1,68 ha'),(1365,'en','Namas\\ArcanaBundle\\Entity\\land','address','24','Plungės raj. Pauošnių k.'),(1366,'en','Namas\\ArcanaBundle\\Entity\\land','description','24','Plungės raj. Pauošnių kaime (Babrungo seniūnija) parduodamas žemės ūkio paskirties sklypas 1,68 ha. Našumo balas 32,1. 1 ha / 4000 lt. Kadastrinis Nr. 6810/0004:80 Didvyčio k.v. Kaina – 6720 Lt / 1950 eurų.'),(1367,'en','Namas\\ArcanaBundle\\Entity\\image','title','399','Plungės raj. Pauošnių k., žemės ūkio paskirties sklypas 1,68 ha'),(1368,'en','Namas\\ArcanaBundle\\Entity\\image','description','399','Plungės raj. Pauošnių k., žemės ūkio paskirties sklypas 1,68 ha'),(1369,'en','Namas\\ArcanaBundle\\Entity\\image','title','400','Plungės raj. Pauošnių k., žemės ūkio paskirties sklypas 1,68 ha'),(1370,'en','Namas\\ArcanaBundle\\Entity\\image','description','400','Plungės raj. Pauošnių k., žemės ūkio paskirties sklypas 1,68 ha'),(1371,'en','Namas\\ArcanaBundle\\Entity\\image','title','401','Plungės raj. Pauošnių k., žemės ūkio paskirties sklypas 1,68 ha'),(1372,'en','Namas\\ArcanaBundle\\Entity\\image','description','401','Plungės raj. Pauošnių k., žemės ūkio paskirties sklypas 1,68 ha'),(1373,'en','Namas\\ArcanaBundle\\Entity\\image','title','402','Plungės raj. Pauošnių k., žemės ūkio paskirties sklypas 1,68 ha'),(1374,'en','Namas\\ArcanaBundle\\Entity\\image','description','402','Plungės raj. Pauošnių k., žemės ūkio paskirties sklypas 1,68 ha'),(1375,'ru','Namas\\ArcanaBundle\\Entity\\land','title','24','Плунгский р-н, пос. Пауошню, земельный участок 1,68 га'),(1376,'ru','Namas\\ArcanaBundle\\Entity\\land','address','24','Плунгский р-н, пос. Пауошню'),(1377,'ru','Namas\\ArcanaBundle\\Entity\\land','description','24','В поселке Пауошню Плунгского р-на продается земельный участок сельскохозяйственного назначения площадью 1,68 га. Балл урожайности 32,1. 1 га / 4000 литов. Кадастровый номер: 6810/0004:80. Цена – 1950 евро'),(1378,'en','Namas\\ArcanaBundle\\Entity\\land','title','25','Plungės raj. Pauošnių k., žemės ūkio paskirties sklypas 2,61 ha'),(1379,'en','Namas\\ArcanaBundle\\Entity\\land','address','25','Plungės raj. Pauošnių k.'),(1380,'en','Namas\\ArcanaBundle\\Entity\\land','description','25','Plungės raj. Pauošnių k. (Babrungo seniūnija) parduodamas žemės ūkio paskirties sklypas 2,61 ha. Našumo balas 20,8. 1 ha / 4000 lt. Kadastrinis Nr. 6810/0004:160 Didvyčio k.v. Kaina – 10440 Lt / 3000 eurų.'),(1383,'en','Namas\\ArcanaBundle\\Entity\\image','title','404','Plungės raj. Pauošnių k., žemės ūkio paskirties sklypas 2,61 ha'),(1384,'en','Namas\\ArcanaBundle\\Entity\\image','description','404','Plungės raj. Pauošnių k., žemės ūkio paskirties sklypas 2,61 ha'),(1385,'en','Namas\\ArcanaBundle\\Entity\\image','title','405','Plungės raj. Pauošnių k., žemės ūkio paskirties sklypas 2,61 ha'),(1386,'en','Namas\\ArcanaBundle\\Entity\\image','description','405','Plungės raj. Pauošnių k., žemės ūkio paskirties sklypas 2,61 ha'),(1387,'en','Namas\\ArcanaBundle\\Entity\\image','title','406','Plungės raj. Pauošnių k., žemės ūkio paskirties sklypas 2,61 ha'),(1388,'en','Namas\\ArcanaBundle\\Entity\\image','description','406','Plungės raj. Pauošnių k., žemės ūkio paskirties sklypas 2,61 ha'),(1389,'en','Namas\\ArcanaBundle\\Entity\\image','title','407','Plungės raj. Pauošnių k., žemės ūkio paskirties sklypas 2,61 ha'),(1390,'en','Namas\\ArcanaBundle\\Entity\\image','description','407','Plungės raj. Pauošnių k., žemės ūkio paskirties sklypas 2,61 ha'),(1391,'ru','Namas\\ArcanaBundle\\Entity\\land','title','25','Плунгский р-н, пос. Пауошню, земельный участок 2,61 га'),(1392,'ru','Namas\\ArcanaBundle\\Entity\\land','address','25','Плунгский р-н, пос. Пауошню'),(1393,'ru','Namas\\ArcanaBundle\\Entity\\land','description','25','В поселке Пауошню Плунгского р-на продается земельный участок сельскохозяйственного назначения площадью 2,61 га. Балл урожайности 20,8. 1 га / 4000 литов. Кадастровый номер: 6810/0004:160. Цена – 3000 евро'),(1394,'en','Namas\\ArcanaBundle\\Entity\\land','title','26','Plungės raj. Užupių k., žemės ūkio paskirties sklypas 6,27 ha'),(1395,'en','Namas\\ArcanaBundle\\Entity\\land','address','26','Plungės raj. Užupių k.'),(1396,'en','Namas\\ArcanaBundle\\Entity\\land','description','26','Plungės raj. Užupių k. (Babrungo seniūnija) parduodamas žemės ūkio paskirties sklypas 6,27 ha. Našumo balas 17,3. Kadastrinis Nr. 6810/0003:38 Didvyčio k.v. 1 ha / 4000 lt. Kaina – 25080 Lt / 7300 eurų.'),(1397,'en','Namas\\ArcanaBundle\\Entity\\image','title','408','Plungės raj. Pauošnių k., žemės ūkio paskirties sklypas 6,27 ha'),(1398,'en','Namas\\ArcanaBundle\\Entity\\image','description','408','Plungės raj. Pauošnių k., žemės ūkio paskirties sklypas 6,27 ha'),(1399,'en','Namas\\ArcanaBundle\\Entity\\image','title','409','Plungės raj. Pauošnių k., žemės ūkio paskirties sklypas 6,27 ha'),(1400,'en','Namas\\ArcanaBundle\\Entity\\image','description','409','Plungės raj. Pauošnių k., žemės ūkio paskirties sklypas 6,27 ha'),(1401,'en','Namas\\ArcanaBundle\\Entity\\image','title','410','Plungės raj. Pauošnių k., žemės ūkio paskirties sklypas 6,27 ha'),(1402,'en','Namas\\ArcanaBundle\\Entity\\image','description','410','Plungės raj. Pauošnių k., žemės ūkio paskirties sklypas 6,27 ha'),(1403,'en','Namas\\ArcanaBundle\\Entity\\image','title','411','Plungės raj. Pauošnių k., žemės ūkio paskirties sklypas 6,27 ha'),(1404,'en','Namas\\ArcanaBundle\\Entity\\image','description','411','Plungės raj. Pauošnių k., žemės ūkio paskirties sklypas 6,27 ha'),(1405,'ru','Namas\\ArcanaBundle\\Entity\\land','title','26','Плунгский р-н, пос. Ужупю, земельный участок 6,27 га'),(1406,'ru','Namas\\ArcanaBundle\\Entity\\land','address','26','Плунгский р-н, пос. Ужупю'),(1407,'ru','Namas\\ArcanaBundle\\Entity\\land','description','26','В поселке Ужупю Плунгского р-на продается земельный участок сельскохозяйственного назначения площадью 6,27 га. Балл урожайности 17,3. 1 га / 4000 литов. Кадастровый номер: 6810/0003:38. Цена – 7300 евро'),(1408,'en','Namas\\ArcanaBundle\\Entity\\land','title','27','Plungės raj. Užupių k., žemės ūkio paskirties sklypas 0,81 ha'),(1409,'en','Namas\\ArcanaBundle\\Entity\\land','address','27','Plungės raj. Užupių k.'),(1410,'en','Namas\\ArcanaBundle\\Entity\\land','description','27','Plungės raj. Užupių k. (Babrungo seniūnija) parduodamas žemės ūkio paskirties sklypas 0,81 ha. Našumo balas 19,6. Kadastrinis Nr. 6810/0003:259 Didvyčio k.v. 1 ha / 4000 lt. Kaina – 3240 Lt / 939 eurų.'),(1411,'en','Namas\\ArcanaBundle\\Entity\\image','title','412','Plungės raj. Pauošnių k., žemės ūkio paskirties sklypas 0,81 ha'),(1412,'en','Namas\\ArcanaBundle\\Entity\\image','description','412','Plungės raj. Pauošnių k., žemės ūkio paskirties sklypas 0,81 ha'),(1413,'en','Namas\\ArcanaBundle\\Entity\\image','title','413','Plungės raj. Pauošnių k., žemės ūkio paskirties sklypas 0,81 ha'),(1414,'en','Namas\\ArcanaBundle\\Entity\\image','description','413','Plungės raj. Pauošnių k., žemės ūkio paskirties sklypas 0,81 ha'),(1415,'en','Namas\\ArcanaBundle\\Entity\\image','title','414','Plungės raj. Pauošnių k., žemės ūkio paskirties sklypas 0,81 ha'),(1416,'en','Namas\\ArcanaBundle\\Entity\\image','description','414','Plungės raj. Pauošnių k., žemės ūkio paskirties sklypas 0,81 ha'),(1417,'en','Namas\\ArcanaBundle\\Entity\\image','title','415','Plungės raj. Pauošnių k., žemės ūkio paskirties sklypas 0,81 ha'),(1418,'en','Namas\\ArcanaBundle\\Entity\\image','description','415','Plungės raj. Pauošnių k., žemės ūkio paskirties sklypas 0,81 ha'),(1419,'ru','Namas\\ArcanaBundle\\Entity\\land','title','27','Плунгский р-н, пос. Ужупю, земельный участок 0,81 га'),(1420,'ru','Namas\\ArcanaBundle\\Entity\\land','address','27','Плунгский р-н, пос. Ужупю'),(1421,'ru','Namas\\ArcanaBundle\\Entity\\land','description','27','В поселке Ужупю Плунгского р-на продается земельный участок сельскохозяйственного назначения площадью 0,81 га. Балл урожайности 19,6. 1 га / 4000 литов. Кадастровый номер: 6810/0003:259. Цена – 939 евро'),(1422,'en','Namas\\ArcanaBundle\\Entity\\land','title','28','Rietavo sav. Maldučių k. žemės ūkio paskirties sklypas 1,66 ha'),(1423,'en','Namas\\ArcanaBundle\\Entity\\land','address','28','Rietavo sav. Maldučių k.'),(1424,'en','Namas\\ArcanaBundle\\Entity\\land','description','28','Rietavo savivaldybėje Maldučių kaime parduodamas 1,66 ha žemės ūkio paskirties sklypas. Sklypas ribojasi su mišku. Pagal Europos Sąjungos programą yra galimybė atsodinti mišką. Našumo balas 29. 1 ha / 7000 Lt. Kadastrinis Nr. 6860/0005:102 Sauslaukio k.v. Kaina – 11620 Lt / 3400 eurų.'),(1425,'en','Namas\\ArcanaBundle\\Entity\\image','title','416','Rietavo sav. Maldučių k. žemės ūkio paskirties sklypas 1,66 ha'),(1426,'en','Namas\\ArcanaBundle\\Entity\\image','description','416','Rietavo sav. Maldučių k. žemės ūkio paskirties sklypas 1,66 ha'),(1427,'en','Namas\\ArcanaBundle\\Entity\\image','title','417','Rietavo sav. Maldučių k. žemės ūkio paskirties sklypas 1,66 ha'),(1428,'en','Namas\\ArcanaBundle\\Entity\\image','description','417','Rietavo sav. Maldučių k. žemės ūkio paskirties sklypas 1,66 ha'),(1429,'ru','Namas\\ArcanaBundle\\Entity\\land','title','28','Ретавское самоуправление, пос. Малдучю, земельный участок 1,66 га'),(1430,'ru','Namas\\ArcanaBundle\\Entity\\land','address','28','Ретавское самоуправление, пос. Малдучю'),(1431,'ru','Namas\\ArcanaBundle\\Entity\\land','description','28','В поселке Малдучю Ретавского самоуправления продается земельный участок сельскохозяйственного назначения площадью 1,66 га. Участок граничит с лесом. В соответствии с программой Европейского Союза есть возможность восстановить (заново засодить) лес. Балл урожайности 29. 1 га / 7000 литов. Кадастровый номер: 6860/0005:102. Цена – 3400 евро.'),(1432,'en','Namas\\ArcanaBundle\\Entity\\image','title','418','Rietavo sav. Maldučių k. žemės ūkio paskirties sklypas 1,66 ha'),(1433,'en','Namas\\ArcanaBundle\\Entity\\image','description','418','Rietavo sav. Maldučių k. žemės ūkio paskirties sklypas 1,66 ha'),(1434,'en','Namas\\ArcanaBundle\\Entity\\apartment','address','20','Naujoji Akmenė V. Kudirkos g. 7'),(1435,'en','Namas\\ArcanaBundle\\Entity\\apartment','title','20','Naujoji Akmenė V. Kudirkos g. 7, dviejų kambarių butas'),(1436,'en','Namas\\ArcanaBundle\\Entity\\apartment','description','20','Naujosios Akmenės mieste V. Kudirkos 7 parduodamas 42,68 kv.m. dviejų kambarių butas ketvirtame aukšte. Butas gero išplanavimo, nekampinis. Pakeisti visi langai. Yra balkonas. Tualetas ir vonia kartu. Koduotos laiptinės durys. Prie namo visą parą yra galimybė pasistatyti mašiną. Šalia parduotuvė, mokykla ir vaikų darželis. Kaina – 6000 eurų.'),(1437,'en','Namas\\ArcanaBundle\\Entity\\apartment','operation','20','sell'),(1438,'en','Namas\\ArcanaBundle\\Entity\\image','title','419','Naujoji Akmenė V. Kudirkos g. 7, dviejų kambarių butas'),(1439,'en','Namas\\ArcanaBundle\\Entity\\image','description','419','Naujoji Akmenė V. Kudirkos g. 7, dviejų kambarių butas'),(1442,'en','Namas\\ArcanaBundle\\Entity\\image','title','421','Naujoji Akmenė V. Kudirkos g. 7, dviejų kambarių butas'),(1443,'en','Namas\\ArcanaBundle\\Entity\\image','description','421','Naujoji Akmenė V. Kudirkos g. 7, dviejų kambarių butas'),(1444,'en','Namas\\ArcanaBundle\\Entity\\image','title','422','Naujoji Akmenė V. Kudirkos g. 7, dviejų kambarių butas'),(1445,'en','Namas\\ArcanaBundle\\Entity\\image','description','422','Naujoji Akmenė V. Kudirkos g. 7, dviejų kambarių butas'),(1446,'en','Namas\\ArcanaBundle\\Entity\\image','title','423','Naujoji Akmenė V. Kudirkos g. 7, dviejų kambarių butas'),(1447,'en','Namas\\ArcanaBundle\\Entity\\image','description','423','Naujoji Akmenė V. Kudirkos g. 7, dviejų kambarių butas'),(1448,'en','Namas\\ArcanaBundle\\Entity\\image','title','424','Naujoji Akmenė V. Kudirkos g. 7, dviejų kambarių butas'),(1449,'en','Namas\\ArcanaBundle\\Entity\\image','description','424','Naujoji Akmenė V. Kudirkos g. 7, dviejų kambarių butas'),(1450,'en','Namas\\ArcanaBundle\\Entity\\image','title','425','Naujoji Akmenė V. Kudirkos g. 7, dviejų kambarių butas'),(1451,'en','Namas\\ArcanaBundle\\Entity\\image','description','425','Naujoji Akmenė V. Kudirkos g. 7, dviejų kambarių butas'),(1452,'en','Namas\\ArcanaBundle\\Entity\\image','title','426','Naujoji Akmenė V. Kudirkos g. 7, dviejų kambarių butas'),(1453,'en','Namas\\ArcanaBundle\\Entity\\image','description','426','Naujoji Akmenė V. Kudirkos g. 7, dviejų kambarių butas'),(1454,'en','Namas\\ArcanaBundle\\Entity\\image','title','427','Naujoji Akmenė V. Kudirkos g. 7, dviejų kambarių butas'),(1455,'en','Namas\\ArcanaBundle\\Entity\\image','description','427','Naujoji Akmenė V. Kudirkos g. 7, dviejų kambarių butas'),(1456,'en','Namas\\ArcanaBundle\\Entity\\image','title','428','Naujoji Akmenė V. Kudirkos g. 7, dviejų kambarių butas'),(1457,'en','Namas\\ArcanaBundle\\Entity\\image','description','428','Naujoji Akmenė V. Kudirkos g. 7, dviejų kambarių butas'),(1458,'en','Namas\\ArcanaBundle\\Entity\\image','title','429','Naujoji Akmenė V. Kudirkos g. 7, dviejų kambarių butas'),(1459,'en','Namas\\ArcanaBundle\\Entity\\image','description','429','Naujoji Akmenė V. Kudirkos g. 7, dviejų kambarių butas'),(1461,'ru','Namas\\ArcanaBundle\\Entity\\apartment','address','20','Науйойи Акмяне, ул. В. Кудиркос 7'),(1462,'ru','Namas\\ArcanaBundle\\Entity\\apartment','title','20','Науйойи Акмяне, ул. В. Кудиркос 7, двухкомнатная квартира'),(1463,'ru','Namas\\ArcanaBundle\\Entity\\apartment','description','20','В г. Науйойи Акмяне по ул. В. Кудиркос д. 7 продается двухкомнатная квартира площадью 42,68 кв.м. Квартира находится на четвертом этаже. Хорошая планировка, квартира не угловая. Есть балкон. Совмещенный санузел, душевая кабина. Кодированная дверь в подъезде. У дома в любое время можно припарковать машину. Рядом с домом находится магазин, школа и детский сад. Цена – 6000 евро.'),(1464,'ru','Namas\\ArcanaBundle\\Entity\\apartment','operation','20','sell'),(1465,'en','Namas\\ArcanaBundle\\Entity\\apartment','description','11','Akmenės miestelyje Stadiono g. 17 renovuotame name parduodamas 66,08 kv.m. trijų kambarių butas penktame aukšte. Butas jaukus ir tvarkingas, gero išplanavimo. Nepereinami kambariai, plastikiniai langai, įstiklintas didelis erdvus balkonas. Langai orientuoti į skirtingas puses. Vonia ir tualetas atskirai. Įrengta reguliuojama šildymo sistema, minimalios šildymo išlaidos. Naujos buto durys bei koduotos laiptinės durys. Tvarkingas kiemas ir graži aplinka. Priešais namą yra bendro naudojimo automobilių  stovėjimo aikštelė. Arti parduotuvė, mokykla, vaikų darželis. Kaina – 17000 Lt / 4900 eurų'),(1466,'en','Namas\\ArcanaBundle\\Entity\\apartment','description','13','Akmenės miestelyje Laižuvos g. 10 parduodamas 52 kv.m. dviejų kambarių butas ketvirtame aukšte. Butas erdvus, jaukus ir tvarkingas. Du nepereinami kambariai. Bute padarytas remontas, pakeisti langai, įstiklintas balkonas. Medinės lauko durys. Vonia ir tualetas atskiri. Erdvus prieškambaris. Arti parduotuvė, vaikų darželis, mokykla. Šalia namo bendro naudojimo automobilių stovėjimo aikštelė. Kaina – 16000 Lt / 4600 eurų'),(1467,'en','Namas\\ArcanaBundle\\Entity\\apartment','description','14','Naujojoje Akmenėje Nepriklausomybės al. 27 parduodamas 38 kv.m. vieno kambario butas su autonominiu šildymu. Namui atlikta renovacija. Pakeistas stogas ir apšildytos sienos. Bute padarytas remontas: sudėti nauji plastikiniai langai, pakeista santechnika ir elektros instaliacija, apšildytos polistirolu ir iš naujo išbetonuotos grindys. Naujos įėjimo durys. Yra židinys. Butas tinka įvairiai komercinei veiklai. Šalia naujai restauruoti kultūros namai ir poilsio skveras. Kaina – 25000 Lt / 7300 eurų'),(1468,'en','Namas\\ArcanaBundle\\Entity\\apartment','description','15','Naujojoje Akmenėje Nepriklausomybės al. 33 parduodamas dviejų kambarių 45 kv.m. butas antrame aukšte iš dviejų. Geras išplanavimas, nepereinami kambariai. Plastikiniai langai, balkonas. Namas naujai renovuotas. Kieme yra butui priklausantis sandėliukas. Kaina – 26500 Lt / 7700 eurų'),(1469,'en','Namas\\ArcanaBundle\\Entity\\apartment','description','16','Akmenės miestelyje Stadiono g. 17 parduodamas 52,53 kv.m. dviejų kambarių butas penktame aukšte. Bute atjungtas šildymas. Geras išplanavimas, nepereinami kambariai, įstiklintas balkonas. Langai orientuoti į skirtingas puses. Vonia ir tualetas atskiri. Medinės lauko durys. Namui, laiptinei ir kiemui naujai atlikta renovacija. Name pakeistas stogas, apšildytos sienos. Laiptinė naujai išdažyta, pakeisti langai, naujos koduotos lauko durys. Arti parduotuvė, mokykla, darželis. Kaina – 18000 Lt / 5200 eurų'),(1471,'en','Namas\\ArcanaBundle\\Entity\\image','title','430','Naujoji Akmenė Respublikos g. 18 vieno kambario butas'),(1472,'en','Namas\\ArcanaBundle\\Entity\\image','description','430','Naujoji Akmenė Respublikos g. 18 vieno kambario butas'),(1473,'en','Namas\\ArcanaBundle\\Entity\\image','title','431','Naujoji Akmenė Respublikos g. 18 vieno kambario butas'),(1474,'en','Namas\\ArcanaBundle\\Entity\\image','description','431','Naujoji Akmenė Respublikos g. 18 vieno kambario butas'),(1475,'en','Namas\\ArcanaBundle\\Entity\\image','title','432','Naujoji Akmenė Respublikos g. 18 vieno kambario butas'),(1476,'en','Namas\\ArcanaBundle\\Entity\\image','description','432','Naujoji Akmenė Respublikos g. 18 vieno kambario butas'),(1477,'en','Namas\\ArcanaBundle\\Entity\\image','title','433','Naujoji Akmenė Respublikos g. 18 vieno kambario butas'),(1478,'en','Namas\\ArcanaBundle\\Entity\\image','description','433','Naujoji Akmenė Respublikos g. 18 vieno kambario butas'),(1479,'en','Namas\\ArcanaBundle\\Entity\\apartment','title','3','Naujoji Akmenė, V. Kudirkos g. 20 vieno kambario butas'),(1480,'en','Namas\\ArcanaBundle\\Entity\\apartment','description','3','Naujojoje Akmenėje V. Kudirkos g. 20 parduodamas vieno kambario 30 kv.m. butas, aukštas antras iš penkių. Vyksta namo renovacija. Sudėti nauji plastikiniai langai. Įstiklintas didelis balkonas per du kambarius. Balkonas ir langai rytų pusėje. Tualetas ir vonia kartu. Pakeisti radiatoriai ir visi buto vamzdžiai. Yra reguliuojama šildymo sistema. Apšildytas namo stogas bei jo išorė. Atlikta laiptinės renovacija: laiptinė naujai išdažyta, pakeisti langai, sudėtos naujos vidaus ir lauko durys (koduotos). Išmokėta dalis renovacijos. Prie namo didelis tvarkingas kiemas su vaikų žaidimo aikštele. Prie namo visą parą yra galimybė pasistatyti mašiną. Šalia prekybos centras MAXIMA, mokykla, vaikų darželis, autobusų stotis. Kaina – 13000 Lt (3800 Eurų).'),(1481,'en','Namas\\ArcanaBundle\\Entity\\commercial','title','1','Naujoji Akmenė V. Kudirkos g. 12 komercinės patalpos'),(1482,'en','Namas\\ArcanaBundle\\Entity\\commercial','description','4','Naujojoje Akmenėje P. Jodelės g. parduodami du sujungti garažai apie 50 kv.m. Po garažais rūsys, trifazė elektra, pastatyta kieto kuro šildymo krosnis. Garažai tinka sandėliavimui arba įvairiai gamybinei veiklai. Geras privažiavimas. Kaina – 5200 eurų'),(1491,'lt','Namas\\ArcanaBundle\\Entity\\apartment','address','20','Naujoji Akmenė V. Kudirkos g. 7'),(1492,'lt','Namas\\ArcanaBundle\\Entity\\apartment','title','20','Naujoji Akmenė V. Kudirkos g. 7, dviejų kambarių butas'),(1493,'lt','Namas\\ArcanaBundle\\Entity\\apartment','description','20','Naujosios Akmenės mieste V. Kudirkos 7 parduodamas 42,68 kv.m. dviejų kambarių butas ketvirtame aukšte. Butas gero išplanavimo, nekampinis. Pakeisti visi langai. Yra balkonas. Tualetas ir vonia kartu. Koduotos laiptinės durys. Prie namo visą parą yra galimybė pasistatyta mašiną. Šalia parduotuvė, mokykla ir vaikų darželis. Kaina – 6000 eurų.'),(1494,'lt','Namas\\ArcanaBundle\\Entity\\apartment','operation','20','sell'),(1499,'en','Namas\\ArcanaBundle\\Entity\\apartment','address','23','Naujoji Akmenė Taikos g. 4A'),(1500,'en','Namas\\ArcanaBundle\\Entity\\apartment','title','23','Naujoji Akmenė Taikos g. 4A trijų kambarių butas'),(1501,'en','Namas\\ArcanaBundle\\Entity\\apartment','description','23','Naujosios Akmenės senamiestyje Taikos g. 4A parduodamas tvarkingas, šiltas ir jaukus 52,94 kv.m. trijų kambarių butas pirmame aukšte. Bute padarytas remontas, pakeisti visi langai, naujos lauko durys. Kambariai gero išplanavimo, nepereinami. Erdvus prieškambaris. Tualetas ir vonia kartu. Name planuojama daryti renovaciją. Kieme yra priklausantis butui garažas. Labai rami vieta, geri kaimynai, puikiai tinka šeimoms su vaikais. Uždaras kiemas. Netoli policija, migracijos skyrius, muzikos mokykla, parduotuvė. Kaina – 35000 Lt / 10200 eurų'),(1502,'en','Namas\\ArcanaBundle\\Entity\\apartment','operation','23','sell'),(1511,'ru','Namas\\ArcanaBundle\\Entity\\apartment','address','23','Науйойи Акмяне, ул. Тайкос 4А'),(1512,'ru','Namas\\ArcanaBundle\\Entity\\apartment','title','23','Науйойи Акмяне, ул. Тайкос 4А трехкомнатная квартира'),(1513,'ru','Namas\\ArcanaBundle\\Entity\\apartment','description','23','В городе Науйойи Акмяне по ул. Тайкос 4А продается теплая и уютная трехкомнатная квартира площадью 52,94 кв.м. Квартира находится на первом этаже двухэтажного дома. В квартире сделан ремонт, установлены новые теплосберегающие окна, новая входная дверь. Комнаты хорошей планировки, непроходные. Просторная прихожая. Совмещенный санузел. В доме планируется проведение реновации. Во дворе есть принадлежащий квартире гараж. Очень тихое место, хорошие соседи, прекрасное место для семьи с детьми. Закрытый двор. Недалеко находится полиция, отдел миграции, музыкальная школа и магазин.  Цена – 10200 евро.'),(1514,'ru','Namas\\ArcanaBundle\\Entity\\apartment','operation','23','sell'),(1515,'en','Namas\\ArcanaBundle\\Entity\\image','title','438','Naujoji Akmenė Taikos g. 4A trijų kambarių butas'),(1516,'en','Namas\\ArcanaBundle\\Entity\\image','description','438','Naujoji Akmenė Taikos g. 4A trijų kambarių butas'),(1517,'en','Namas\\ArcanaBundle\\Entity\\image','title','439','Naujoji Akmenė Taikos g. 4A trijų kambarių butas'),(1518,'en','Namas\\ArcanaBundle\\Entity\\image','description','439','Naujoji Akmenė Taikos g. 4A trijų kambarių butas'),(1519,'en','Namas\\ArcanaBundle\\Entity\\image','title','440','Naujoji Akmenė Taikos g. 4A trijų kambarių butas'),(1520,'en','Namas\\ArcanaBundle\\Entity\\image','description','440','Naujoji Akmenė Taikos g. 4A trijų kambarių butas'),(1521,'en','Namas\\ArcanaBundle\\Entity\\image','title','441','Naujoji Akmenė Taikos g. 4A trijų kambarių butas'),(1522,'en','Namas\\ArcanaBundle\\Entity\\image','description','441','Naujoji Akmenė Taikos g. 4A trijų kambarių butas'),(1523,'en','Namas\\ArcanaBundle\\Entity\\image','title','442','Naujoji Akmenė Taikos g. 4A trijų kambarių butas'),(1524,'en','Namas\\ArcanaBundle\\Entity\\image','description','442','Naujoji Akmenė Taikos g. 4A trijų kambarių butas'),(1525,'en','Namas\\ArcanaBundle\\Entity\\image','title','443','Naujoji Akmenė Taikos g. 4A trijų kambarių butas'),(1526,'en','Namas\\ArcanaBundle\\Entity\\image','description','443','Naujoji Akmenė Taikos g. 4A trijų kambarių butas'),(1527,'en','Namas\\ArcanaBundle\\Entity\\image','title','444','Naujoji Akmenė Taikos g. 4A trijų kambarių butas'),(1528,'en','Namas\\ArcanaBundle\\Entity\\image','description','444','Naujoji Akmenė Taikos g. 4A trijų kambarių butas'),(1529,'en','Namas\\ArcanaBundle\\Entity\\image','title','445','Naujoji Akmenė Taikos g. 4A trijų kambarių butas'),(1530,'en','Namas\\ArcanaBundle\\Entity\\image','description','445','Naujoji Akmenė Taikos g. 4A trijų kambarių butas'),(1531,'en','Namas\\ArcanaBundle\\Entity\\image','title','446','Naujoji Akmenė Taikos g. 4A trijų kambarių butas'),(1532,'en','Namas\\ArcanaBundle\\Entity\\image','description','446','Naujoji Akmenė Taikos g. 4A trijų kambarių butas'),(1533,'en','Namas\\ArcanaBundle\\Entity\\image','title','447','Naujoji Akmenė Taikos g. 4A trijų kambarių butas'),(1534,'en','Namas\\ArcanaBundle\\Entity\\image','description','447','Naujoji Akmenė Taikos g. 4A trijų kambarių butas'),(1535,'en','Namas\\ArcanaBundle\\Entity\\apartment','description','6','Naujojoje Akmenėje Respublikos g. 7 parduodamas dviejų kambarių 47,71 kv. m. butas. Butas yra penkiaaukščio namo penktame aukšte. Langai orientuoti į skirtingas puses. Kambariai nepereinami, labai gero išplanavimo. Tualetas ir vonia kartu. Prie namo didelis kiemas su vaikų žaidimo aikštele. Prie namo visą parą yra galimybė pasistatyti mašiną. Arti parduotuvės, mokykla, vaikų darželis. Kaina – 12000 Lt (3400 Eurų).'),(1536,'en','Namas\\ArcanaBundle\\Entity\\apartment','description','8','Naujojoje Akmenėje V. Kudirkos g. 12 parduodamas 41,27 kv.m. dviejų kambarių butas pirmame aukšte. Pakeisti plastikiniai langai. Vonia ir tualetas kartu. Pradėta namo renovacija. Šiuo metu keičiami vamzdynai ir radiatoriai. Bus reguliuojama šildymo sistema (su galimybe atskirai reguliuoti temperatūrą kiekviename kambaryje). Bus apšildytas namo stogas bei jo išorė. Butas tinka komercijai. Prie namo visą parą yra galimybė pasistatyti mašiną. Šalia parduotuvė, mokykla, vaikų darželis. Netoli PC „Maxima“, autobusų stotis. Kaina – 12000 Litų (3500 Eurų).'),(1537,'en','Namas\\ArcanaBundle\\Entity\\apartment','description','17','Naujojoje Akmenėje , Respublikos g. 18 parduodamas tvarkingas 32,98 kv.m. vieno kambario butas pirmame aukšte. Pradėtas remontas. Langai į pietų pusę. Vonia ir tualetas atskirai. Didelis erdvus prieškambaris. Šarvo durys. Arti vaikų darželis mokykla, prekybos centras. Kaina 11000 Lt (3300 eurų)'),(1538,'en','Namas\\ArcanaBundle\\Entity\\apartment','address','24','Naujoji Akmenė V. Kudirkos 10'),(1539,'en','Namas\\ArcanaBundle\\Entity\\apartment','title','24','Naujoji Akmenė V. Kudirkos 10 dviejų kambarių butas.'),(1540,'en','Namas\\ArcanaBundle\\Entity\\apartment','description','24','Naujojoje Akmenėje V. Kudirkos g. 10 netoli nuo centro parduodamas 43,46 kv.m. dviejų kambarių butas trečiame aukšte. Butas baigiamas remontuoti: pakeisti langai, nauji plastikiniai vamzdynai, nauja santechnika, naujos vidaus ir lauko durys. Ant grindų – laminatas. Tualetas it vonia kartu. Prie namo visada galima pasistatyti mašiną. Šalia parduotuvė, vaistinė, mokykla, vaikų darželis, autobusų stotis. Kaina – 20700 Lt / 6000 eurų.'),(1541,'en','Namas\\ArcanaBundle\\Entity\\apartment','operation','24','sell'),(1542,'en','Namas\\ArcanaBundle\\Entity\\image','title','448','Naujoji Akmenė V. Kudirkos 10 dviejų kambarių butas.'),(1543,'en','Namas\\ArcanaBundle\\Entity\\image','description','448','Naujoji Akmenė V. Kudirkos 10 dviejų kambarių butas.'),(1544,'en','Namas\\ArcanaBundle\\Entity\\image','title','449','Naujoji Akmenė V. Kudirkos 10 dviejų kambarių butas.'),(1545,'en','Namas\\ArcanaBundle\\Entity\\image','description','449','Naujoji Akmenė V. Kudirkos 10 dviejų kambarių butas.'),(1546,'en','Namas\\ArcanaBundle\\Entity\\image','title','450','Naujoji Akmenė V. Kudirkos 10 dviejų kambarių butas.'),(1547,'en','Namas\\ArcanaBundle\\Entity\\image','description','450','Naujoji Akmenė V. Kudirkos 10 dviejų kambarių butas.'),(1548,'en','Namas\\ArcanaBundle\\Entity\\image','title','451','Naujoji Akmenė V. Kudirkos 10 dviejų kambarių butas.'),(1549,'en','Namas\\ArcanaBundle\\Entity\\image','description','451','Naujoji Akmenė V. Kudirkos 10 dviejų kambarių butas.'),(1550,'en','Namas\\ArcanaBundle\\Entity\\image','title','452','Naujoji Akmenė V. Kudirkos 10 dviejų kambarių butas.'),(1551,'en','Namas\\ArcanaBundle\\Entity\\image','description','452','Naujoji Akmenė V. Kudirkos 10 dviejų kambarių butas.'),(1552,'en','Namas\\ArcanaBundle\\Entity\\image','title','453','Naujoji Akmenė V. Kudirkos 10 dviejų kambarių butas.'),(1553,'en','Namas\\ArcanaBundle\\Entity\\image','description','453','Naujoji Akmenė V. Kudirkos 10 dviejų kambarių butas.'),(1554,'en','Namas\\ArcanaBundle\\Entity\\image','title','454','Naujoji Akmenė V. Kudirkos 10 dviejų kambarių butas.'),(1555,'en','Namas\\ArcanaBundle\\Entity\\image','description','454','Naujoji Akmenė V. Kudirkos 10 dviejų kambarių butas.'),(1556,'en','Namas\\ArcanaBundle\\Entity\\image','title','455','Naujoji Akmenė V. Kudirkos 10 dviejų kambarių butas.'),(1557,'en','Namas\\ArcanaBundle\\Entity\\image','description','455','Naujoji Akmenė V. Kudirkos 10 dviejų kambarių butas.'),(1558,'en','Namas\\ArcanaBundle\\Entity\\image','title','456','Naujoji Akmenė V. Kudirkos 10 dviejų kambarių butas.'),(1559,'en','Namas\\ArcanaBundle\\Entity\\image','description','456','Naujoji Akmenė V. Kudirkos 10 dviejų kambarių butas.'),(1560,'en','Namas\\ArcanaBundle\\Entity\\image','title','457','Naujoji Akmenė V. Kudirkos 10 dviejų kambarių butas.'),(1561,'en','Namas\\ArcanaBundle\\Entity\\image','description','457','Naujoji Akmenė V. Kudirkos 10 dviejų kambarių butas.'),(1562,'en','Namas\\ArcanaBundle\\Entity\\image','title','458','Naujoji Akmenė V. Kudirkos 10 dviejų kambarių butas.'),(1563,'en','Namas\\ArcanaBundle\\Entity\\image','description','458','Naujoji Akmenė V. Kudirkos 10 dviejų kambarių butas.'),(1564,'en','Namas\\ArcanaBundle\\Entity\\image','title','459','Naujoji Akmenė V. Kudirkos 10 dviejų kambarių butas.'),(1565,'en','Namas\\ArcanaBundle\\Entity\\image','description','459','Naujoji Akmenė V. Kudirkos 10 dviejų kambarių butas.'),(1566,'en','Namas\\ArcanaBundle\\Entity\\apartment','address','25','Naujoji Akmenė V. Kudirkos 22'),(1567,'en','Namas\\ArcanaBundle\\Entity\\apartment','title','25','Naujoji Akmenė V. Kudirkos 22 dviejų kambarių butas'),(1568,'en','Namas\\ArcanaBundle\\Entity\\apartment','description','25','Naujosios Akmenės mieste V. Kudirkos gatvėje 22 parduodamas 44,44 kv.m. tvarkingas ir šiltas dviejų kambarių butas penkiaaukščio namo ketvirtame aukšte. Namui ir laiptinei naujai atlikta renovacija. Apšildytas namo stogas bei jo išorė. Bute pakeisti radiatoriai ir visi vamzdžiai. Yra reguliuojama šildymo sistema: temperatūrą kiekviename kambaryje galima reguliuoti atskirai. Nauji plastikiniai langai, įstiklintas balkonas, naujos vidaus (medinės) ir lauko (šarvo) durys. Grindų danga – laminatas. Tualetas ir vonia kartu. Nepereinami kambariai. Atlikta laiptinės renovacija: laiptinė naujai išdažyta, pakeisti langai, sudėtos naujos koduotos lauko durys. Išmokėta renovacija. Prie namo didelis tvarkingas kiemas su vaikų žaidimo aikštele. Prie namo visą parą yra galimybė pasistatyta mašiną. Šalia prekybos centras MAXIMA, mokykla, vaikų darželis, autobusų stotis. Kaina – 30000 Lt / 8700 eurų.'),(1569,'en','Namas\\ArcanaBundle\\Entity\\apartment','operation','25','sell'),(1570,'en','Namas\\ArcanaBundle\\Entity\\image','title','460','Naujoji Akmenė V. Kudirkos 22 dviejų kambarių butas'),(1571,'en','Namas\\ArcanaBundle\\Entity\\image','description','460','Naujoji Akmenė V. Kudirkos 22 dviejų kambarių butas'),(1572,'en','Namas\\ArcanaBundle\\Entity\\image','title','461','Naujoji Akmenė V. Kudirkos 22 dviejų kambarių butas'),(1573,'en','Namas\\ArcanaBundle\\Entity\\image','description','461','Naujoji Akmenė V. Kudirkos 22 dviejų kambarių butas'),(1574,'en','Namas\\ArcanaBundle\\Entity\\image','title','462','Naujoji Akmenė V. Kudirkos 22 dviejų kambarių butas'),(1575,'en','Namas\\ArcanaBundle\\Entity\\image','description','462','Naujoji Akmenė V. Kudirkos 22 dviejų kambarių butas'),(1576,'en','Namas\\ArcanaBundle\\Entity\\image','title','463','Naujoji Akmenė V. Kudirkos 22 dviejų kambarių butas'),(1577,'en','Namas\\ArcanaBundle\\Entity\\image','description','463','Naujoji Akmenė V. Kudirkos 22 dviejų kambarių butas'),(1578,'en','Namas\\ArcanaBundle\\Entity\\image','title','464','Naujoji Akmenė V. Kudirkos 22 dviejų kambarių butas'),(1579,'en','Namas\\ArcanaBundle\\Entity\\image','description','464','Naujoji Akmenė V. Kudirkos 22 dviejų kambarių butas'),(1580,'en','Namas\\ArcanaBundle\\Entity\\image','title','465','Naujoji Akmenė V. Kudirkos 22 dviejų kambarių butas'),(1581,'en','Namas\\ArcanaBundle\\Entity\\image','description','465','Naujoji Akmenė V. Kudirkos 22 dviejų kambarių butas'),(1582,'en','Namas\\ArcanaBundle\\Entity\\image','title','466','Naujoji Akmenė V. Kudirkos 22 dviejų kambarių butas'),(1583,'en','Namas\\ArcanaBundle\\Entity\\image','description','466','Naujoji Akmenė V. Kudirkos 22 dviejų kambarių butas'),(1584,'en','Namas\\ArcanaBundle\\Entity\\image','title','467','Naujoji Akmenė V. Kudirkos 22 dviejų kambarių butas'),(1585,'en','Namas\\ArcanaBundle\\Entity\\image','description','467','Naujoji Akmenė V. Kudirkos 22 dviejų kambarių butas'),(1586,'en','Namas\\ArcanaBundle\\Entity\\image','title','468','Naujoji Akmenė V. Kudirkos 22 dviejų kambarių butas'),(1587,'en','Namas\\ArcanaBundle\\Entity\\image','description','468','Naujoji Akmenė V. Kudirkos 22 dviejų kambarių butas'),(1588,'en','Namas\\ArcanaBundle\\Entity\\image','title','469','Naujoji Akmenė V. Kudirkos 22 dviejų kambarių butas'),(1589,'en','Namas\\ArcanaBundle\\Entity\\image','description','469','Naujoji Akmenė V. Kudirkos 22 dviejų kambarių butas'),(1590,'ru','Namas\\ArcanaBundle\\Entity\\apartment','address','24','Науйойи Акмяне, ул. В. Кудиркос д. 10'),(1591,'ru','Namas\\ArcanaBundle\\Entity\\apartment','title','24','Науйойи Акмяне, ул. В. Кудиркос д. 10 двухкомнатная квартира'),(1592,'ru','Namas\\ArcanaBundle\\Entity\\apartment','description','24','В городе Науйойи Акмяне по ул. Кудиркос д. 10 недалеко от центра города продаётся двухкомнатная  квартира площадью 43,46 кв. м. Квартира расположена на третьем этаже пятиэтажного дома. Реновацию дома планируется провести в течение следующих 2 лет. В квартире почти закончен ремонт. Установлены новые качественные теплосберегающие окна, новые пластиковые труды, новая сантехника. Заменена входная дверь и двери в комнатах. На полу – ламинат. Отопление центральное городское. Совмещенный санузел. У дома в любое время можно припарковать машину. Рядом с домом находится торговый центр, аптека,  школа, детский сад, автобусная станция. Цена – 6000 евро.'),(1593,'ru','Namas\\ArcanaBundle\\Entity\\apartment','operation','24','sell'),(1594,'ru','Namas\\ArcanaBundle\\Entity\\apartment','address','25','Науйойи Акмяне ул. В. Кудиркос д. 22'),(1595,'ru','Namas\\ArcanaBundle\\Entity\\apartment','title','25','Науйойи Акмяне ул. В. Кудиркос д. 22, двухкомнатная квартира.'),(1596,'ru','Namas\\ArcanaBundle\\Entity\\apartment','description','25','В городе Науйойи Акмяне по ул. Кудиркос д. 22 продаётся уютная и теплатя двухкомнатная квартира площадью 44,44 кв. м. Квартира расположена на четвертом этаже пятиэтажного дома. В доме и подъезде проведена реновация. Крыша и внешняя сторона дома утеплены. В квартире заменены все радиаторы и трубы. Установлена регулируемая система отопления (температуру в каждой комнате можно регулировать автономно). Новые качественные теплосберегающие окна, застеклен балкон, новая входная (сейфовая) и внутренние (деревянные) двери. Напольное покрытие – ламинат. Совмещенный санузел. Непроходные комнаты. Проведена реновация подъезда: подъезд покрашен, заменены окна и установлена новая кодированная дверь. Выплачена реновация. Около дома большой ухоженный двор с детской игровой площадкой. У дома в любое время можно припарковать машину. Рядом с домом находится торговый центр «Максима», школа, детский сад, автобусная станция. Цена – 8700 евро.'),(1597,'ru','Namas\\ArcanaBundle\\Entity\\apartment','operation','25','sell');
/*!40000 ALTER TABLE `ext_translations` ENABLE KEYS */;
UNLOCK TABLES;

--
-- Table structure for table `forest`
--

DROP TABLE IF EXISTS `forest`;
/*!40101 SET @saved_cs_client     = @@character_set_client */;
/*!40101 SET character_set_client = utf8 */;
CREATE TABLE `forest` (
  `id` int(11) NOT NULL AUTO_INCREMENT,
  `square` float NOT NULL,
  `address` varchar(255) COLLATE utf8_unicode_ci NOT NULL,
  `price` float NOT NULL,
  `description` longtext COLLATE utf8_unicode_ci,
  `reserved` int(11) NOT NULL,
  `active` int(11) NOT NULL,
  `title` varchar(255) COLLATE utf8_unicode_ci NOT NULL,
  `country_id` int(11) DEFAULT NULL,
  `city_id` int(11) DEFAULT NULL,
  PRIMARY KEY (`id`),
  KEY `IDX_A85D53B4F92F3E70` (`country_id`),
  KEY `IDX_A85D53B48BAC62AF` (`city_id`),
  CONSTRAINT `FK_A85D53B48BAC62AF` FOREIGN KEY (`city_id`) REFERENCES `city` (`id`),
  CONSTRAINT `FK_A85D53B4F92F3E70` FOREIGN KEY (`country_id`) REFERENCES `country` (`id`)
) ENGINE=InnoDB AUTO_INCREMENT=3 DEFAULT CHARSET=utf8 COLLATE=utf8_unicode_ci;
/*!40101 SET character_set_client = @saved_cs_client */;

--
-- Dumping data for table `forest`
--

LOCK TABLES `forest` WRITE;
/*!40000 ALTER TABLE `forest` DISABLE KEYS */;
INSERT INTO `forest` VALUES (1,7.09,'Švenčionių raj. Daumilų k.',7500,'Švenčionių raj. Daumilų kaime parduodamas miškas 7,09 ha. Kadastrinis Nr. 8664/0007:120. Kaina – 25500 Lt / 7500 eurų.',1,1,'Švenčionių raj. Daumilų k. miškas 7,09 ha',1,NULL),(2,6.2,'Telšių raj. Nerimdaičių mstl.',5500,'Telšių raj. Nerimdaičių miestelyje (Nevarėnų sen.) parduodamas miškas 6,2 ha. Kadastrinis Nr. 7843/0003:177 Nerimdaičių k. v. Unikalis Nr. 4400-1233-0280. Kaina – 18600 Lt / 5500 eurų.',1,1,'Telšių raj. Nerimdaičių mstl. miškas 6,2 ha',1,NULL);
/*!40000 ALTER TABLE `forest` ENABLE KEYS */;
UNLOCK TABLES;

--
-- Table structure for table `home`
--

DROP TABLE IF EXISTS `home`;
/*!40101 SET @saved_cs_client     = @@character_set_client */;
/*!40101 SET character_set_client = utf8 */;
CREATE TABLE `home` (
  `id` int(11) NOT NULL AUTO_INCREMENT,
  `flatsnumber` int(11) DEFAULT NULL,
  `storeysnumber` int(11) DEFAULT NULL,
  `square` float NOT NULL,
  `address` varchar(255) COLLATE utf8_unicode_ci NOT NULL,
  `price` float NOT NULL,
  `description` longtext COLLATE utf8_unicode_ci,
  `reserved` int(11) NOT NULL,
  `active` int(11) NOT NULL,
  `title` varchar(255) COLLATE utf8_unicode_ci NOT NULL,
  `country_id` int(11) DEFAULT NULL,
  `city_id` int(11) DEFAULT NULL,
  PRIMARY KEY (`id`),
  KEY `IDX_71D60CD0F92F3E70` (`country_id`),
  KEY `IDX_71D60CD08BAC62AF` (`city_id`),
  CONSTRAINT `FK_71D60CD08BAC62AF` FOREIGN KEY (`city_id`) REFERENCES `city` (`id`),
  CONSTRAINT `FK_71D60CD0F92F3E70` FOREIGN KEY (`country_id`) REFERENCES `country` (`id`)
) ENGINE=InnoDB AUTO_INCREMENT=8 DEFAULT CHARSET=utf8 COLLATE=utf8_unicode_ci;
/*!40101 SET character_set_client = @saved_cs_client */;

--
-- Dumping data for table `home`
--

LOCK TABLES `home` WRITE;
/*!40000 ALTER TABLE `home` DISABLE KEYS */;
INSERT INTO `home` VALUES (2,NULL,1,181,'Naujoji Akmenė P. Jodelės g. 2А',33000,'Naujojoje Akmenėje P. Jodelės g. parduodamas vieno aukšto 181 kv. m. kotedžas. Apšildytas namas, pakeistas stogas bei sudėti nauji plastikiniai langai. Vidus neįrengtas, tačiau paruošti visi projektai. Pagal projektą numatyta daryti terasą, kuri išeitų į pietinę pusę tiesiogiai iš svetainės. Yra galimybė įsirengti antrą aukštą. Gražiai sutvarkyta aplinka, apsodinta žalia veja. Kiemas bendras. Graži vieta. Galimas keitimas į žemę arba mišką bei gerą automobilį su jūsų priemoką. \r\nKaina – 115 000 Lt (33 000 eurų).',1,1,'Naujoji Akmenė P. Jodelės g. 2А vieno aukšto kotedžas',1,1),(4,NULL,2,128,'Kivylių k. Ąžuolų g.',16000,'Akmenės raj. Kivylių gyvenvietėje parduodamas mūrinis 1986 m. statybos gyvenamas namas, kurio bendras plotas 128,54 kv.m., naudingas plotas 100,69. Namas suremontuotas, šildymas kietu kuru – centralizuotas. Visos komunikacijos. Plastikiniai langai. Yra garažas, pagalbinės patalpos, 12 arų  sklypas. Sutvarkyta aplinka. Kaina – 56000 Lt (16000 Eurų)',1,1,'Kivylių k. Ąžuolų g., gyvenamas namas',1,NULL),(5,NULL,1,180,'Naujoji Akmenė P. Jodelės g. 2F',52300,'Naujosios Akmenės mieste P. Jodelės gatvėje 2F parduodamas 2011 metų statybos vieno aukšto namas, kurio bendras plotas – 180 kv.m, gyvenamasis – 120 kv.m. Namas patogaus šiuolaikiško išplanavimo, erdvus, jaukus ir šiltas. Yra mansarda. Pirmame aukšte du miegamieji (po 20 kv.m), svetainė (35 kv.m), valgomasis (25 kv.m), vonia (11 kv.m) bei drabužinė (6 kv.m). Taip pat yra 40 kv.m garažas ir katilinė. Įrengtos visos komunikacijos – elektra, vanduo, nuotekų įvadai. Namui priklauso 12 arų žemės sklypas. Sklypo teritorija aptverta, tvarkinga ir prižiūrėta. Ramus naujų gyvenamųjų namų kvartalas, patraukli vieta gyventi. Namas parduodamas su daline apdaila. Jūsų pageidavimu ir už papildomą kainą galime pilnai įrengti namą ir paruošti jį gyvenimui. Kaina – 180 000 Lt (52 300 eurų).',1,1,'Naujoji Akmenė P. Jodelės g. 2F naujos statybos namas',1,1),(6,NULL,2,201,'Naujoji Akmenė Beržyno g.',72000,'Naujosios Akmenės mieste Beržyno gatvėje parduodamas 1996 m. statybos gyvenamas mūrinis namas. Bendras namo plotas – 201,55 kv.m., gyvenamasis plotas – 66,33 kv.m. Namas gero išplanavimo, šiltas, jaukus ir pilnai įrengtas. Visos miesto komunikacijos. Šildymas kietu kuru. Nauja stogo danga. Nauji plastikiniai langai. Pirmame aukšte yra erdvus prieškambaris, trys kambariai, virtuvė ir didelis vonios kambarys. Grindys – laku padengtos medinės lentelės. Sienos dažytos šviesiomis spalvomis. Vonios kambaryje yra vonia, dušo kabina ir klozetas; ant sienų ir grindų – plytelių mozaika. Pilnai įrengtas antras aukštas, kuriame yra trys jaukūs kambariai su kilimine danga. Antrame aukšte taip pat yra pilnai įrengta virtuvė su naujų baldų komplektu; grindų danga – plytelės. Po namu yra rūsys su įrengta pirtimi. Kieme garažas bei pagalbinės patalpos. Namų valdos sklypo plotas – 22 arai; sodas, šiltnamis, didelis tvenkinys. Aptverta teritorija.  Namas yra gyvenamųjų namų zonoje. Kaina – 230000 Lt (72000 eurų).',1,1,'Naujoji Akmenė Beržyno g. mūrinis namas',1,1),(7,NULL,2,73,'Naujoji Akmenė Vegerių g.',16000,'Naujojoje Akmenėje Vegerių g. paduodamas mūrinis ūkinis pastatas 1994 m. statybos (įregistruotas kaip gyvenamas namas). Užstatymo plotas 219 kv.m,. Garažas – 34,80 kv.m, su duobe po visą garažą. Įvairios pagalbinės patalpos, palėpė, didelis geras rūsys. Visos miesto komunikacijos. Vietinis kieto kuro šildymas, 20 arų žemės sklypas, geras privažiavimas, graži aplinka. Kaina – 55000 Lt (16000 eurų)',1,1,'Naujoji Akmenė Vegerių g. mūrinis namas',1,1);
/*!40000 ALTER TABLE `home` ENABLE KEYS */;
UNLOCK TABLES;

--
-- Table structure for table `homestead`
--

DROP TABLE IF EXISTS `homestead`;
/*!40101 SET @saved_cs_client     = @@character_set_client */;
/*!40101 SET character_set_client = utf8 */;
CREATE TABLE `homestead` (
  `id` int(11) NOT NULL AUTO_INCREMENT,
  `square` float NOT NULL,
  `address` varchar(255) COLLATE utf8_unicode_ci NOT NULL,
  `price` float NOT NULL,
  `description` longtext COLLATE utf8_unicode_ci,
  `reserved` int(11) NOT NULL,
  `active` int(11) NOT NULL,
  `title` varchar(255) COLLATE utf8_unicode_ci NOT NULL,
  `country_id` int(11) DEFAULT NULL,
  `city_id` int(11) DEFAULT NULL,
  PRIMARY KEY (`id`),
  KEY `IDX_982B6D71F92F3E70` (`country_id`),
  KEY `IDX_982B6D718BAC62AF` (`city_id`),
  CONSTRAINT `FK_982B6D718BAC62AF` FOREIGN KEY (`city_id`) REFERENCES `city` (`id`),
  CONSTRAINT `FK_982B6D71F92F3E70` FOREIGN KEY (`country_id`) REFERENCES `country` (`id`)
) ENGINE=InnoDB AUTO_INCREMENT=3 DEFAULT CHARSET=utf8 COLLATE=utf8_unicode_ci;
/*!40101 SET character_set_client = @saved_cs_client */;

--
-- Dumping data for table `homestead`
--

LOCK TABLES `homestead` WRITE;
/*!40000 ALTER TABLE `homestead` DISABLE KEYS */;
INSERT INTO `homestead` VALUES (2,70,'Naujoji Akmenė Žiemos g.',3450,'N. Akmenėje Žiemos g. parduodamas gyvenamas namas 70 kv.m, su pagalbiniais pastatais bei garažu. Kaina – 11 800 Lt (3450 eurų)',1,1,'Naujoji Akmenė Žiemos g. gyvenamas namas',1,1);
/*!40000 ALTER TABLE `homestead` ENABLE KEYS */;
UNLOCK TABLES;

--
-- Table structure for table `image`
--

DROP TABLE IF EXISTS `image`;
/*!40101 SET @saved_cs_client     = @@character_set_client */;
/*!40101 SET character_set_client = utf8 */;
CREATE TABLE `image` (
  `id` int(11) NOT NULL AUTO_INCREMENT,
  `owner_id` int(11) DEFAULT NULL,
  `title` varchar(255) COLLATE utf8_unicode_ci NOT NULL,
  `description` longtext COLLATE utf8_unicode_ci NOT NULL,
  `path` varchar(255) COLLATE utf8_unicode_ci DEFAULT NULL,
  `apartment_id` int(11) DEFAULT NULL,
  `commercial_id` int(11) DEFAULT NULL,
  `forest_id` int(11) DEFAULT NULL,
  `homet_id` int(11) DEFAULT NULL,
  `homestead_id` int(11) DEFAULT NULL,
  `land_id` int(11) DEFAULT NULL,
  PRIMARY KEY (`id`),
  KEY `IDX_C53D045F7E3C61F9` (`owner_id`),
  KEY `IDX_C53D045F176DFE85` (`apartment_id`),
  KEY `IDX_C53D045F7854071C` (`commercial_id`),
  KEY `IDX_C53D045F205AB08A` (`forest_id`),
  KEY `IDX_C53D045F8337973B` (`homet_id`),
  KEY `IDX_C53D045F4F9D2B65` (`homestead_id`),
  KEY `IDX_C53D045F1994904A` (`land_id`),
  CONSTRAINT `FK_C53D045F176DFE85` FOREIGN KEY (`apartment_id`) REFERENCES `apartment` (`id`),
  CONSTRAINT `FK_C53D045F1994904A` FOREIGN KEY (`land_id`) REFERENCES `land` (`id`),
  CONSTRAINT `FK_C53D045F205AB08A` FOREIGN KEY (`forest_id`) REFERENCES `forest` (`id`),
  CONSTRAINT `FK_C53D045F4F9D2B65` FOREIGN KEY (`homestead_id`) REFERENCES `homestead` (`id`),
  CONSTRAINT `FK_C53D045F7854071C` FOREIGN KEY (`commercial_id`) REFERENCES `commercial` (`id`),
  CONSTRAINT `FK_C53D045F7E3C61F9` FOREIGN KEY (`owner_id`) REFERENCES `owner` (`id`),
  CONSTRAINT `FK_C53D045F8337973B` FOREIGN KEY (`homet_id`) REFERENCES `home` (`id`)
) ENGINE=InnoDB AUTO_INCREMENT=470 DEFAULT CHARSET=utf8 COLLATE=utf8_unicode_ci;
/*!40101 SET character_set_client = @saved_cs_client */;

--
-- Dumping data for table `image`
--

LOCK TABLES `image` WRITE;
/*!40000 ALTER TABLE `image` DISABLE KEYS */;
INSERT INTO `image` VALUES (11,1,'Naujoji Akmenėje, V. Kudirkos g. 20 vieno kambario butas','N. Akmenė V. Kudirkos g. 20 namo renovacija','6a5c41160c2ce03295b02c9f8c28e817a611e2fb.jpeg',3,NULL,NULL,NULL,NULL,NULL),(12,1,'Naujoji Akmenėje, V. Kudirkos g. 20 vieno kambario butas','Naujos laiptinės durys','3a3611687e2ad4f330b731fd88597e960c4880c5.jpeg',3,NULL,NULL,NULL,NULL,NULL),(13,1,'Naujoji Akmenėje, V. Kudirkos g. 20 vieno kambario butas','Naujos laiptinės vidinės durys','aca98ee99fc79920d970a621ac7b73107c30fc54.jpeg',3,NULL,NULL,NULL,NULL,NULL),(14,1,'Naujoji Akmenėje, V. Kudirkos g. 20 vieno kambario butas','Kambarys','d3b55c7ca3625047124f86e1fce7cc392ddca80c.jpeg',3,NULL,NULL,NULL,NULL,NULL),(15,1,'Naujoji Akmenėje, V. Kudirkos g. 20 vieno kambario butas','Kambarys','ec983f8fbbaa2d382f8e241c6b2c15cd52e6a044.jpeg',3,NULL,NULL,NULL,NULL,NULL),(16,1,'Naujoji Akmenėje, V. Kudirkos g. 20 vieno kambario butas','Virtuvė','a246b2b59ed7d1cb6d9fc4718f917923e7ba79c9.jpeg',3,NULL,NULL,NULL,NULL,NULL),(17,1,'Naujoji Akmenėje, V. Kudirkos g. 20 vieno kambario butas','Vonios kambarys','5fdfd411b374932be967ff1c102576ba28e8cfb7.jpeg',3,NULL,NULL,NULL,NULL,NULL),(18,1,'Naujoji Akmenėje, V. Kudirkos g. 20 vieno kambario butas','Vonios kambarys','3c543da3f9fe22972fb7fa3efb622825b771b80c.jpeg',3,NULL,NULL,NULL,NULL,NULL),(19,1,'Naujoji Akmenėje, V. Kudirkos g. 20 vieno kambario butas','Kiemas','c1c628b0dd7bd376b8ac520302703141f34fab4b.jpeg',3,NULL,NULL,NULL,NULL,NULL),(42,1,'Naujoji Akmenė Respublikos g. 7 dviejų kambarių butas','N. Akmenė Respublikos g. 7','c02d172bfd2c2d96764bceeeab28d2319052aada.jpeg',6,NULL,NULL,NULL,NULL,NULL),(43,1,'Naujoji Akmenė Respublikos g. 7 dviejų kambarių butas','N. Akmenė Respublikos g. 7','67f3cb2e07242ac0b56f7f0e2111d41e29d48ffe.jpeg',6,NULL,NULL,NULL,NULL,NULL),(44,1,'Naujoji Akmenė Respublikos g. 7 dviejų kambarių butas','Kambarys','400c4384153f458cc429ecae9a6070d9a8e592df.jpeg',6,NULL,NULL,NULL,NULL,NULL),(45,1,'Naujoji Akmenė Respublikos g. 7 dviejų kambarių butas','Kambarys','6a6a3099ba03f171945145495a00cc88fe131dbe.jpeg',6,NULL,NULL,NULL,NULL,NULL),(46,1,'Naujoji Akmenė Respublikos g. 7 dviejų kambarių butas','Virtuvė','2796bd967d74b4a8c81ce823f1fa047d4c51b758.jpeg',6,NULL,NULL,NULL,NULL,NULL),(47,1,'Naujoji Akmenė Respublikos g. 7 dviejų kambarių butas','Lauko durys','1f04effd370646cc771fc29358847e230edd4a2c.jpeg',6,NULL,NULL,NULL,NULL,NULL),(56,1,'Naujoji Akmenė V. Kudirkos g. 12 dviejų kambarių butas','N. Akmenė V. Kudirkos g. 12','5fd94f744071b06e9a2dd4643320f8e91f62c2a9.jpeg',8,NULL,NULL,NULL,NULL,NULL),(57,1,'Naujoji Akmenė V. Kudirkos g. 12 dviejų kambarių butas','N. Akmenė V. Kudirkos g. 12','3f4cf0214b4bf4efb009a6118b23a709616a67d9.jpeg',8,NULL,NULL,NULL,NULL,NULL),(58,1,'Naujoji Akmenė V. Kudirkos g. 12 dviejų kambarių butas','Kambarys Nr. 1','f37a5dec4ee6266620668c229ec0dd44cdace2bd.jpeg',8,NULL,NULL,NULL,NULL,NULL),(59,1,'Naujoji Akmenė V. Kudirkos g. 12 dviejų kambarių butas','Kambarys Nr. 1','2d9ec90a1ddc60e27a851858f4f5b3b17672cc09.jpeg',8,NULL,NULL,NULL,NULL,NULL),(60,1,'Naujoji Akmenė V. Kudirkos g. 12 dviejų kambarių butas','Kambarys Nr. 2','50b4142969025a6c9967cb63002238e36dedc5b0.jpeg',8,NULL,NULL,NULL,NULL,NULL),(61,1,'Naujoji Akmenė V. Kudirkos g. 12 dviejų kambarių butas','Virtuvė','413741d0706d1b015667368a9b999a04c5359051.jpeg',8,NULL,NULL,NULL,NULL,NULL),(62,1,'Naujoji Akmenė V. Kudirkos g. 12 dviejų kambarių butas','Lauko durys','57a3cdef9abd6585187f2f93a96a20df5bcafcc4.jpeg',8,NULL,NULL,NULL,NULL,NULL),(63,1,'Naujoji Akmenė V. Kudirkos g. 12 dviejų kambarių butas','Vonios kambarys','b5b5dd47fcf1361ca85de9bf6049accdf89dfa75.jpeg',8,NULL,NULL,NULL,NULL,NULL),(64,1,'Ventos m. Žemaičių g. 47 du butai','Ventos m. Žemaičių g. 47','73fe8647459daaf1c9575e2b28eb0a33217f5d64.jpeg',9,NULL,NULL,NULL,NULL,NULL),(65,1,'Ventos m. Žemaičių g. 47 du butai','Kambarys','183c06716d36f803eb401fa68f51111043958121.jpeg',9,NULL,NULL,NULL,NULL,NULL),(66,1,'Ventos m. Žemaičių g. 47 du butai','Kambarys','68d64f8da8f75f42efc476e2418118c97e83f932.jpeg',9,NULL,NULL,NULL,NULL,NULL),(67,1,'Ventos m. Žemaičių g. 47 du butai','Kambarys','376905f0df7aa93cff88d7d2f354f5829291b715.jpeg',9,NULL,NULL,NULL,NULL,NULL),(68,1,'Ventos m. Žemaičių g. 47 du butai','Tualetas','1f15ea2242486956a39e392433bf28e043cfca97.jpeg',9,NULL,NULL,NULL,NULL,NULL),(69,1,'Ventos m. Žemaičių g. 47 du butai','Vonios kambarys','610a12eb784ec8d4aab4ee4dd4ccdaf9d73efe3e.jpeg',9,NULL,NULL,NULL,NULL,NULL),(70,1,'Naujoji Akmenė Respublikos g. 25 dviejų kambarių butas','N. Akmenė Respublikos g. 25','151be942f15617b0a9182b8c813b006840f6880d.jpeg',10,NULL,NULL,NULL,NULL,NULL),(71,1,'Naujoji Akmenė Respublikos g. 25 dviejų kambarių butas','Salonas','e724ac97e3c27be8158be3982c799b9f9e979a8e.jpeg',10,NULL,NULL,NULL,NULL,NULL),(72,1,'Naujoji Akmenė Respublikos g. 25 dviejų kambarių butas','Salonas','07bc1fd605f747b107f3dd0cda5e013ad107f0e4.jpeg',10,NULL,NULL,NULL,NULL,NULL),(73,1,'Naujoji Akmenė Respublikos g. 25 dviejų kambarių butas','Miegamasis','0cd632f6ebe30a182549fec519bb54b60dae73e8.jpeg',10,NULL,NULL,NULL,NULL,NULL),(74,1,'Naujoji Akmenė Respublikos g. 25 dviejų kambarių butas','Virtuvė','31f85ff7ef1847366f84827277b0d4f00220b44d.jpeg',10,NULL,NULL,NULL,NULL,NULL),(75,1,'Naujoji Akmenė Respublikos g. 25 dviejų kambarių butas','Virtuvė','f4d4c190d99d0a97e77bf87433186e913e7c6c85.jpeg',10,NULL,NULL,NULL,NULL,NULL),(76,1,'Naujoji Akmenė Respublikos g. 25 dviejų kambarių butas','Virtuvė','fef22ad040b1d63f1f365c1c00af88f7acbed5f9.jpeg',10,NULL,NULL,NULL,NULL,NULL),(77,1,'Naujoji Akmenė Respublikos g. 25 dviejų kambarių butas','Koridorius','e15438fb66d95735a274ae56acc47361b9e2d537.jpeg',10,NULL,NULL,NULL,NULL,NULL),(78,1,'Naujoji Akmenė Respublikos g. 25 dviejų kambarių butas','Vonios kambarys','a3456fa0fc5847bafff9c790a7ba7f43a7b37a31.jpeg',10,NULL,NULL,NULL,NULL,NULL),(79,1,'Naujoji Akmenė Respublikos g. 25 dviejų kambarių butas','Lauko durys','fd0f012b7ed44fe9e625b239c1eb0a0a11bdae89.jpeg',10,NULL,NULL,NULL,NULL,NULL),(80,1,'Akmenės m. Stadiono g. 17 trijų kambarių butas','Akmenės m. Stadiono g. 17','33c3f7951a87e57600321cd6f0ca4ac11d29a6d9.jpeg',11,NULL,NULL,NULL,NULL,NULL),(81,1,'Įrengta reguliuojama šildymo sistema','Lauko durys','3d1ccc3e01fad1e2f75e49ed6b049c352a9fa609.jpeg',11,NULL,NULL,NULL,NULL,NULL),(82,1,'Įrengta reguliuojama šildymo sistema','Kambarys Nr. 1','95247869c95cc345a6ae41072b012de7a0beeb1f.jpeg',11,NULL,NULL,NULL,NULL,NULL),(83,1,'Įrengta reguliuojama šildymo sistema','Kambarys Nr. 1','9650a7ade5c6409a47368486ab3dfdd9c6a03fdd.jpeg',11,NULL,NULL,NULL,NULL,NULL),(84,1,'Įrengta reguliuojama šildymo sistema','Kambarys Nr. 2','2030575122d45e12ea7cc83b8c67639b5a7c33e0.jpeg',11,NULL,NULL,NULL,NULL,NULL),(85,1,'Įrengta reguliuojama šildymo sistema','Kambarys Nr. 2','e60b09436ed9ec90f951479d3e20fdc0f6d0b4f8.jpeg',11,NULL,NULL,NULL,NULL,NULL),(86,1,'Įrengta reguliuojama šildymo sistema','Kambarys Nr. 3','5bfca127df757cd6fe7d522148ee1da2d5fb7cf8.jpeg',11,NULL,NULL,NULL,NULL,NULL),(87,1,'Įrengta reguliuojama šildymo sistema','Kambarys Nr. 3','8f6d181bf18af0d9798bedaa775d06e285b95d02.jpeg',11,NULL,NULL,NULL,NULL,NULL),(88,1,'Įrengta reguliuojama šildymo sistema','Virtuvė','bac7c458b53660f1211ccab691b3a3ca712e81d1.jpeg',11,NULL,NULL,NULL,NULL,NULL),(89,1,'Įrengta reguliuojama šildymo sistema','Automobilių stovėjimo aikštelė','d24320901cb95abe16aaa18e6d424b335593ae02.jpeg',11,NULL,NULL,NULL,NULL,NULL),(90,1,'Vievio m. Stoties g. 45A kambarys bendrabutyje','Vievio m. Stoties g. 45A','cb7cbc814457f506139627e4159cb18f1e43f080.jpeg',12,NULL,NULL,NULL,NULL,NULL),(91,1,'Vievio m. Stoties g. 45A kambarys bendrabutyje','Vievio m. Stoties g. 45A','97ea165fede1f86a9dec4da45d50ff9e3ad4f867.jpeg',12,NULL,NULL,NULL,NULL,NULL),(92,1,'Vievio m. Stoties g. 45A kambarys bendrabutyje','Kambarys','8413b334bc5a524829656ac2fe3c69e141dd6e63.jpeg',12,NULL,NULL,NULL,NULL,NULL),(93,1,'Vievio m. Stoties g. 45A kambarys bendrabutyje','Kambarys','8b24bdf1aa127d52f1bb72185c1749c5e2e8a876.jpeg',12,NULL,NULL,NULL,NULL,NULL),(94,1,'Vievio m. Stoties g. 45A kambarys bendrabutyje','Kambarys','84a63c0ecbd92a2ed9d24b6a7849312b06cd0359.jpeg',12,NULL,NULL,NULL,NULL,NULL),(95,2,'Naujoji Akmenė V. Kudirkos g. 12 dviejų kambarių butas','N. Akmenė V. Kudirkos g. 12','cbac6e5e7df82b5524b49df74ca4b33bdbb91c6e.jpeg',NULL,NULL,NULL,NULL,NULL,NULL),(96,2,'Naujoji Akmenė V. Kudirkos g. 12 dviejų kambarių butas','N. Akmenė V. Kudirkos g. 12','e3240a67220ae274702fcae4d52184925e17fdad.jpeg',NULL,NULL,NULL,NULL,NULL,NULL),(97,2,'Naujoji Akmenė V. Kudirkos g. 12 dviejų kambarių butas','Kambarys','4a98b332578880e9a37ed43549b5f50492aba440.jpeg',NULL,NULL,NULL,NULL,NULL,NULL),(98,2,'Naujoji Akmenė V. Kudirkos g. 12 dviejų kambarių butas','Kambarys','203e7a51f92da6798ba1632ea70d2124a9e3846c.jpeg',NULL,NULL,NULL,NULL,NULL,NULL),(99,2,'Naujoji Akmenė V. Kudirkos g. 12 dviejų kambarių butas','Kambarys','a650c35f5bce3ebb9effd47eb2e8a65b16fc16b7.jpeg',NULL,NULL,NULL,NULL,NULL,NULL),(100,2,'Naujoji Akmenė V. Kudirkos g. 12 dviejų kambarių butas','Durys','ce4f38f9e4429ccc808dfce93300cf7e819fdadb.jpeg',NULL,NULL,NULL,NULL,NULL,NULL),(101,2,'Naujoji Akmenė V. Kudirkos g. 12 dviejų kambarių butas','Virtuvė','0650c65fac3eb95c1482df93a3a31d0224610fac.jpeg',NULL,NULL,NULL,NULL,NULL,NULL),(102,2,'Naujoji Akmenė V. Kudirkos g. 12 dviejų kambarių butas','Vonia','de9bc27a419496682bf3c1995eedc3f8d017641c.jpeg',NULL,NULL,NULL,NULL,NULL,NULL),(103,1,'Akmenės m. Laižuvos g. 10 dviejų kambarių butas','Akmenės m. Laižuvos g. 10','49bd6bcd9af3a0ddfaa19d3e5617e8fa9a8ef966.jpeg',13,NULL,NULL,NULL,NULL,NULL),(104,1,'Akmenės m. Laižuvos g. 10 dviejų kambarių butas','Akmenės m. Laižuvos g. 10','e993d9204c6b96a0512d53e688b74fc05730c9c1.jpeg',13,NULL,NULL,NULL,NULL,NULL),(105,1,'Akmenės m. Laižuvos g. 10 dviejų kambarių butas','Lauko durys','10a58fe3c30c51d979ffd2b99c88f2b313e7a521.jpeg',13,NULL,NULL,NULL,NULL,NULL),(106,1,'Akmenės m. Laižuvos g. 10 dviejų kambarių butas','Salonas','78bb40b9204efc8e3e551bddb4aadfc3f6522355.jpeg',13,NULL,NULL,NULL,NULL,NULL),(107,1,'Akmenės m. Laižuvos g. 10 dviejų kambarių butas','Miegamasis','576560f14924bd00692e266e00842f90675067a4.jpeg',13,NULL,NULL,NULL,NULL,NULL),(108,1,'Akmenės m. Laižuvos g. 10 dviejų kambarių butas','Virtuvė','0664c206d8938ca08db2a654eae7e66dfeddbf0d.jpeg',13,NULL,NULL,NULL,NULL,NULL),(109,1,'Akmenės m. Laižuvos g. 10 dviejų kambarių butas','Tualetas','c3b00bcfcc6302540eac49cd74f2c32d7aeafc62.jpeg',13,NULL,NULL,NULL,NULL,NULL),(110,1,'Naujoji Akmenė Nepriklausomybės al. 27 vieno kambario butas','Naujoji Akmenė Nepriklausomybės al. 27','1bf9666c939b8fdc9ed8914494ddd40a775d2363.jpeg',14,NULL,NULL,NULL,NULL,NULL),(111,1,'Naujoji Akmenė Nepriklausomybės al. 27 vieno kambario butas','Naujoji Akmenė Nepriklausomybės al. 27','68d405642c9cd85d2826fcba17d816024205008c.jpeg',14,NULL,NULL,NULL,NULL,NULL),(112,1,'Naujoji Akmenė Nepriklausomybės al. 27 vieno kambario butas','Kambarys','8aa5e46eeb07a81749d206788ad6eae09846a9cd.jpeg',14,NULL,NULL,NULL,NULL,NULL),(113,1,'Naujoji Akmenė Nepriklausomybės al. 27 vieno kambario butas','Kambarys','4a169317366d32207ca324542843824584e5ca0c.jpeg',14,NULL,NULL,NULL,NULL,NULL),(114,1,'Naujoji Akmenė Nepriklausomybės al. 27 vieno kambario butas','Virtuvė','81cef8ef8efdc2a8216c1ce9bba5f17a9fb13450.jpeg',14,NULL,NULL,NULL,NULL,NULL),(115,1,'Naujoji Akmenė Nepriklausomybės al. 27 vieno kambario butas','Koridorius','f04d4331ac422914fa4a384e6d4721cc94ac8013.jpeg',14,NULL,NULL,NULL,NULL,NULL),(116,1,'Naujoji Akmenė Nepriklausomybės al. 27 vieno kambario butas','Naujoji Akmenė Nepriklausomybės al. 27','ce39b6ecd30291221eaa125e3ae9b820e7f55d75.jpeg',14,NULL,NULL,NULL,NULL,NULL),(117,1,'Naujoji Akmenė Nepriklausomybės al. 33 dviejų kambarių butas','Naujoji Akmenė Nepriklausomybės al. 33','950db5a2e7fff8303a26b234f1fd7685ef4aed25.jpeg',15,NULL,NULL,NULL,NULL,NULL),(118,1,'Naujoji Akmenė Nepriklausomybės al. 33 dviejų kambarių butas','Naujoji Akmenė Nepriklausomybės al. 33','b20282e70c8558ab7d8f7ade5d786f38240b3335.jpeg',15,NULL,NULL,NULL,NULL,NULL),(119,1,'Naujoji Akmenė Nepriklausomybės al. 33 dviejų kambarių butas','Kambarys','a7fd408a5f4700d7c4813ab0b58e8357e20a3d81.jpeg',15,NULL,NULL,NULL,NULL,NULL),(120,1,'Naujoji Akmenė Nepriklausomybės al. 33 dviejų kambarių butas','Kambarys','875484a078464b51c76f09d760ad9ab442abbb7a.jpeg',15,NULL,NULL,NULL,NULL,NULL),(121,1,'Naujoji Akmenė Nepriklausomybės al. 33 dviejų kambarių butas','Prieškambaris','25766d1ee19a67481e757717933ca37b53261785.jpeg',15,NULL,NULL,NULL,NULL,NULL),(122,1,'Naujoji Akmenė Nepriklausomybės al. 33 dviejų kambarių butas','Laiptinė','334850ada54c1639e166cebe8d49d394d81c44e2.jpeg',15,NULL,NULL,NULL,NULL,NULL),(123,1,'Akmenės m. Stadiono g. 17 dviejų kambarių butas','Akmenės m. Stadiono g. 17','5f449e22ff54f524d7ffc13c3a856469082eb513.jpeg',16,NULL,NULL,NULL,NULL,NULL),(124,1,'Akmenės m. Stadiono g. 17 dviejų kambarių butas','Akmenės m. Stadiono g. 17','b4418466f260a1bb9b2501e8decf4df59fe8f451.jpeg',16,NULL,NULL,NULL,NULL,NULL),(125,1,'Akmenės m. Stadiono g. 17 dviejų kambarių butas','Renovuota laiptinė','2110d024fbd6d380b5ef205c4a256c7fe04ed883.jpeg',16,NULL,NULL,NULL,NULL,NULL),(126,1,'Akmenės m. Stadiono g. 17 dviejų kambarių butas','Lauko durys','49dbc0e98e6634f17cdd6b6a414c35eab473cea0.jpeg',16,NULL,NULL,NULL,NULL,NULL),(127,1,'Akmenės m. Stadiono g. 17 dviejų kambarių butas','Kambarys Nr. 1','5d08dc19fbb7aefc71afc54e1fc47b142676d40d.jpeg',16,NULL,NULL,NULL,NULL,NULL),(128,1,'Akmenės m. Stadiono g. 17 dviejų kambarių butas','Kambarys Nr. 1','aea75f8d4ba9b50f8d82a1eeb08abc2da031f561.jpeg',16,NULL,NULL,NULL,NULL,NULL),(129,1,'Akmenės m. Stadiono g. 17 dviejų kambarių butas','Kambarys Nr. 2','b3aaba244b47156dcce84ca4657b7b9fd7dc2fc0.jpeg',16,NULL,NULL,NULL,NULL,NULL),(130,1,'Akmenės m. Stadiono g. 17 dviejų kambarių butas','Virtuvė','ca90ed7702ece3428aaef2365adaf61e590f52ab.jpeg',16,NULL,NULL,NULL,NULL,NULL),(131,1,'Akmenės m. Stadiono g. 17 dviejų kambarių butas','Vonia','b0466b353249ca1682744ab5b1dd56ffab99096f.jpeg',16,NULL,NULL,NULL,NULL,NULL),(132,1,'Akmenės m. Stadiono g. 17 dviejų kambarių butas','Tualetas','256f61df912996402c361648306137c995c33add.jpeg',16,NULL,NULL,NULL,NULL,NULL),(133,1,'Akmenės m. Stadiono g. 17 dviejų kambarių butas','Stiklintas balkonas','dbb4a36c735cbf28ed2b4fef89ca4e1ba1475f1c.jpeg',16,NULL,NULL,NULL,NULL,NULL),(134,1,'Naujoji Akmenė Respublikos g. 18 vieno kambario butas','Naujoji Akmenė Respublikos g. 18','17ede681c87047470626b7cce25422b6e3c0f082.jpeg',17,NULL,NULL,NULL,NULL,NULL),(135,1,'Naujoji Akmenė Respublikos g. 18 vieno kambario butas','Naujoji Akmenė Respublikos g. 18','2816925368a8277828ac266cb827d9a7bb21f5d2.jpeg',17,NULL,NULL,NULL,NULL,NULL),(136,1,'Naujoji Akmenė Respublikos g. 18 vieno kambario butas','Lauko durys','a9621e0bcc94626cdf7a3e7db113d4bcdf708644.jpeg',17,NULL,NULL,NULL,NULL,NULL),(140,1,'Naujoji Akmenė Respublikos g. 18 vieno kambario butas','Vonios kambarys','b092998cf6150c33a243535e0601dece2e602b62.jpeg',17,NULL,NULL,NULL,NULL,NULL),(141,1,'Naujoji Akmenė Respublikos g. 18 vieno kambario butas','Tualetas','a50faaf784c6bbad5a93373eac179df7973daf59.jpeg',17,NULL,NULL,NULL,NULL,NULL),(143,3,'Ventos  m. Žemaičių g. 47 komercines patalpos su atskiru įėjimu','Ventos  m. Žemaičių g. 47','5ac04c83d2e99d72de858a07ebb8a395491587bf.jpeg',NULL,2,NULL,NULL,NULL,NULL),(144,3,'г. Вента ул. Жямайчю 47  помещение коммерческого назначения с отдельным входом','г. Вента ул. Жямайчю 47','9d71452fc9cc6960e9ce73171f96c11b8bd313bb.jpeg',NULL,2,NULL,NULL,NULL,NULL),(145,3,'г. Вента ул. Жямайчю 47  помещение коммерческого назначения с отдельным входом','г. Вента ул. Жямайчю д. 47','ba5a874ecf98510a5825c7550f3f2f2ec236058f.jpeg',NULL,2,NULL,NULL,NULL,NULL),(146,3,'г. Вента ул. Жямайчю 47  помещение коммерческого назначения с отдельным входом','Помещение коммерческого назначения','9c089bf44269bb0b0a031a45cd99b09729a68c43.jpeg',NULL,2,NULL,NULL,NULL,NULL),(147,3,'г. Вента ул. Жямайчю д. 47  помещение коммерческого назначения с отдельным входом','Помещение коммерческого назначения','384011f713e0c9b998353b3cca24cd9c607b911f.jpeg',NULL,2,NULL,NULL,NULL,NULL),(148,3,'г. Вента ул. Жямайчю д. 47  помещение коммерческого назначения с отдельным входом','Помещение коммерческого назначения','93a135a022ce72f5155775ad92f5da67d017f6d0.jpeg',NULL,2,NULL,NULL,NULL,NULL),(149,3,'г. Вента ул. Жямайчю д. 47  помещение коммерческого назначения с отдельным входом','Помещение коммерческого назначения','f65652420d0b9f1e1d428c0b993fc816d14ed85e.jpeg',NULL,2,NULL,NULL,NULL,NULL),(150,3,'г. Вента ул. Жямайчю д. 47  помещение коммерческого назначения с отдельным входом','Помещение коммерческого назначения','73b9e35d24bc86861beabea669abaae243b32edb.jpeg',NULL,2,NULL,NULL,NULL,NULL),(151,3,'г. Вента ул. Жямайчю д. 47  помещение коммерческого назначения с отдельным входом','Помещение коммерческого назначения','24c3d54f83fffd2ab3f0bfa56470f31b274ecd34.jpeg',NULL,2,NULL,NULL,NULL,NULL),(152,3,'г. Вента ул. Жямайчю д. 47  помещение коммерческого назначения с отдельным входом','Помещение коммерческого назначения','4852969a8c8de3ec035bb8f6268ed55364f1f440.jpeg',NULL,2,NULL,NULL,NULL,NULL),(153,3,'г. Вента ул. Жямайчю д. 47  помещение коммерческого назначения с отдельным входом','Помещение коммерческого назначения','3cb9755cc7287f55802c04b782e0aab7f75d81c9.jpeg',NULL,2,NULL,NULL,NULL,NULL),(154,3,'г. Вента ул. Жямайчю д. 47  помещение коммерческого назначения с отдельным входом','План помещения','d53549c3d885922584ce0045a55db4b69e152ff7.jpeg',NULL,2,NULL,NULL,NULL,NULL),(155,3,'Naujoji Akmenė V. Kudirkos g. 12 dviejų kambarių butas','Naujoji Akmenė V. Kudirkos g. 12','6793345f83c1dcd3581495c4b957df33ede5ef6f.jpeg',NULL,1,NULL,NULL,NULL,NULL),(156,3,'Naujoji Akmenė V. Kudirkos g. 12 dviejų kambarių butas','Naujoji Akmenė V. Kudirkos g. 12','0309c76770b4566cba99054c117eb98923d5593b.jpeg',NULL,1,NULL,NULL,NULL,NULL),(157,3,'Naujoji Akmenė V. Kudirkos g. 12 dviejų kambarių butas','Kambarys','fc2a73ee51642f235db1ce7f054beaee7349e05a.jpeg',NULL,1,NULL,NULL,NULL,NULL),(158,3,'Naujoji Akmenė V. Kudirkos g. 12 dviejų kambarių butas','Kambarys','1f639a055eb40ba39efe5eb187862d4f9f489c3d.jpeg',NULL,1,NULL,NULL,NULL,NULL),(159,3,'Naujoji Akmenė V. Kudirkos g. 12 dviejų kambarių butas','Kambarys','edabaee3ef24ba6c6b2d6974cb93cc4fcc48be9c.jpeg',NULL,1,NULL,NULL,NULL,NULL),(160,3,'Naujoji Akmenė V. Kudirkos g. 12 dviejų kambarių butas','Durys','ffbba1138205c87b39d9d5b02adfd490a417c5f6.jpeg',NULL,1,NULL,NULL,NULL,NULL),(161,3,'Naujoji Akmenė V. Kudirkos g. 12 dviejų kambarių butas','Virtuvė','847a31e2a6908f13391fa0725b926675cc7a4d54.jpeg',NULL,1,NULL,NULL,NULL,NULL),(162,3,'Naujoji Akmenė V. Kudirkos g. 12 dviejų kambarių butas','Vonios kambarys','ad15897363037ab0610bcaf186220f4d32b9497f.jpeg',NULL,1,NULL,NULL,NULL,NULL),(167,3,'Naujoji Akmenė Ramučių g. komercinės patalpos','Naujoji Akmenė Ramučių g. komercinės patalpos','04307b97fe6568834dd5c60a5cc81b3773a6da9b.jpeg',NULL,3,NULL,NULL,NULL,NULL),(168,3,'Naujoji Akmenė Ramučių g. komercinės patalpos','Naujoji Akmenė Ramučių g. komercinės patalpos','cdcf9893d85172afcf3273d794aff3dd39013df6.jpeg',NULL,3,NULL,NULL,NULL,NULL),(169,3,'Naujoji Akmenė Ramučių g. komercinės patalpos','Naujoji Akmenė Ramučių g. komercinės patalpos','d6b6bba7fe37c474454eb1186589a11ead4982f2.jpeg',NULL,3,NULL,NULL,NULL,NULL),(170,3,'Naujoji Akmenė Ramučių g. komercinės patalpos','Naujoji Akmenė Ramučių g. komercinės patalpos','3998d7450faed65276698acdf80dea52e8231e8c.jpeg',NULL,3,NULL,NULL,NULL,NULL),(171,3,'Naujoji Akmenė Ramučių g. komercinės patalpos','Naujoji Akmenė Ramučių g. komercinės patalpos','30598e7ec328a8e7ac52780234dba27b4d054f81.jpeg',NULL,3,NULL,NULL,NULL,NULL),(172,3,'Naujoji Akmenė P. Jodelės g. du sujungti garažai','Naujoji Akmenė P. Jodelės g.','aba2f256dcf0a22fd59e9fdf01278c5fa2fdf6f7.jpeg',NULL,4,NULL,NULL,NULL,NULL),(173,3,'Naujoji Akmenė P. Jodelės g. du sujungti garažai','Naujoji Akmenė P. Jodelės g.','9a4b9bc2eeabea0cd3f79dcd20b371ddc3e5477c.jpeg',NULL,4,NULL,NULL,NULL,NULL),(174,3,'Naujoji Akmenė P. Jodelės g. du sujungti garažai','Naujoji Akmenė P. Jodelės g.','9598659df68cd7d0bdd73ddff59b36a94f8e2dc1.jpeg',NULL,4,NULL,NULL,NULL,NULL),(175,3,'Naujoji Akmenė P. Jodelės g. du sujungti garažai','Naujoji Akmenė P. Jodelės g.','dedcd33669d647eec2892c6f9cf7bec161052897.jpeg',NULL,4,NULL,NULL,NULL,NULL),(176,3,'Naujoji Akmenė P. Jodelės g. du sujungti garažai','Naujoji Akmenė P. Jodelės g. du sujungti garažai','094cb406d20bcc1a7b98b81471b923021d45e408.jpeg',NULL,4,NULL,NULL,NULL,NULL),(177,3,'Naujoji Akmenė P. Jodelės g. du sujungti garažai','Naujoji Akmenė P. Jodelės g. du sujungti garažai','37a97e1cd04f7330e3584027e4674b73d28c9d7e.jpeg',NULL,4,NULL,NULL,NULL,NULL),(178,2,'Naujoji Akmenė P. Jodelės g. 2А vieno aukšto kotedžas','Naujoji Akmenė P. Jodelės g. 2А vieno aukšto kotedžas','ca4c373b01f85bdbc915af088b8b600329d16cc3.jpeg',NULL,NULL,NULL,2,NULL,NULL),(179,2,'Naujoji Akmenė P. Jodelės g. 2А vieno aukšto kotedžas','Naujoji Akmenė P. Jodelės g. 2А vieno aukšto kotedžas','64f5f2b3f10cb1891dc48239b58a456a2b28957a.jpeg',NULL,NULL,NULL,2,NULL,NULL),(180,2,'Naujoji Akmenė P. Jodelės g. 2А vieno aukšto kotedžas','Naujoji Akmenė P. Jodelės g. 2А vieno aukšto kotedžas','ea811744a6d7d782365e56b7b00ef6e0789cf74c.jpeg',NULL,NULL,NULL,2,NULL,NULL),(181,2,'Naujoji Akmenė P. Jodelės g. 2А vieno aukšto kotedžas','Naujoji Akmenė P. Jodelės g. 2А vieno aukšto kotedžas','be34e1f6e073a921155f73dc09088cb6a163133a.jpeg',NULL,NULL,NULL,2,NULL,NULL),(182,2,'Naujoji Akmenė P. Jodelės g. 2А vieno aukšto kotedžas','Naujoji Akmenė P. Jodelės g. 2А vieno aukšto kotedžas','18c21fa951e5334a853023a34783f419eaf5a6ee.jpeg',NULL,NULL,NULL,2,NULL,NULL),(183,2,'Naujoji Akmenė P. Jodelės g. 2А vieno aukšto kotedžas','Naujoji Akmenė P. Jodelės g. 2А vieno aukšto kotedžas','326af6de0d1e1bd099565ed445552d3dcbfcf379.jpeg',NULL,NULL,NULL,2,NULL,NULL),(184,2,'Naujoji Akmenė P. Jodelės g. 2А vieno aukšto kotedžas','Naujoji Akmenė P. Jodelės g. 2А vieno aukšto kotedžas','93aff03377ade8ca7058d4e9afe4080fedc4c410.jpeg',NULL,NULL,NULL,2,NULL,NULL),(185,2,'Naujoji Akmenė P. Jodelės g. 2А vieno aukšto kotedžas','Planas','3e637e012735c08174a0c1496e0b0aec49ffceb9.jpeg',NULL,NULL,NULL,2,NULL,NULL),(186,2,'Naujoji Akmenė P. Jodelės g. 2А vieno aukšto kotedžas','Planas','aa61380126ffac816efaf4503bc654da122025ff.jpeg',NULL,NULL,NULL,2,NULL,NULL),(194,2,'Kivylių k. Ąžuolų g., gyvenamas namas','Kivylių k. Ąžuolų g., gyvenamas namas','62d6572ad93632583c07bb480dd06dfb90a4b92d.jpeg',NULL,NULL,NULL,4,NULL,NULL),(195,2,'Kivylių k. Ąžuolų g., gyvenamas namas','Kivylių k. Ąžuolų g., gyvenamas namas','151f2e5c63fc6c11ddc3990cc5bd90f59cb8c139.jpeg',NULL,NULL,NULL,4,NULL,NULL),(196,2,'Kivylių k. Ąžuolų g., gyvenamas namas','Kivylių k. Ąžuolų g., gyvenamas namas','9710e1a331061065f2eac85a4c4144d2b1f7b4b7.jpeg',NULL,NULL,NULL,4,NULL,NULL),(197,2,'Kivylių k. Ąžuolų g., gyvenamas namas','Kambarys','95ee3c783574afb9865281f0b9ced6a9d0e4580f.jpeg',NULL,NULL,NULL,4,NULL,NULL),(198,2,'Naujoji Akmenė Vegerių g. 26','Kambarys','2e7279a5bf0619c50d6246100a73f632be3c9972.jpeg',NULL,NULL,NULL,4,NULL,NULL),(199,2,'Naujoji Akmenė Vegerių g. 26','Kambarys','60520bb1f1f70ead1fe3c8c7230c7e5bca210945.jpeg',NULL,NULL,NULL,4,NULL,NULL),(200,2,'Naujoji Akmenė Vegerių g. 26','Kambarys','bac16983608ebe06da4ebfa39da78907388dd5a2.jpeg',NULL,NULL,NULL,4,NULL,NULL),(201,2,'Kivylių k. Ąžuolų g., gyvenamas namas','Virtuvė','d12d182ab1be222e947fa25fca0aa17a000deda4.jpeg',NULL,NULL,NULL,4,NULL,NULL),(202,2,'Kivylių k. Ąžuolų g., gyvenamas namas','Koridorius','05d4db77f9a659d648a03036a01629bc994dd193.jpeg',NULL,NULL,NULL,4,NULL,NULL),(203,2,'Kivylių k. Ąžuolų g., gyvenamas namas','Vonia','f93577f5182d7f6bb39286bc4158649de82f36d7.jpeg',NULL,NULL,NULL,4,NULL,NULL),(204,2,'Kivylių k. Ąžuolų g., gyvenamas namas','Tualetas','91003bd0a079400a294ff0312bcfc181601c241c.jpeg',NULL,NULL,NULL,4,NULL,NULL),(205,2,'Naujoji Akmenė P. Jodelės g. 2F naujos statybos namas','Naujoji Akmenė P. Jodelės g. 2F naujos statybos namas','e16920635054832cbca3f8b936145050915dc595.jpeg',NULL,NULL,NULL,5,NULL,NULL),(206,2,'Naujoji Akmenė P. Jodelės g. 2F naujos statybos namas','Naujoji Akmenė P. Jodelės g. 2F naujos statybos namas','5c33f73e86477721b63cc69963f9a7c1198d1222.jpeg',NULL,NULL,NULL,5,NULL,NULL),(207,2,'Naujoji Akmenė P. Jodelės g. 2F naujos statybos namas','Naujoji Akmenė P. Jodelės g. 2F naujos statybos namas','f00558c8158a1ba318fded79918026ce62a98ef6.jpeg',NULL,NULL,NULL,5,NULL,NULL),(208,2,'Naujoji Akmenė P. Jodelės g. 2F naujos statybos namas','Naujoji Akmenė P. Jodelės g. 2F naujos statybos namas','498614288c6e50810bf4b5997fdb6eeab3b7ba09.jpeg',NULL,NULL,NULL,5,NULL,NULL),(209,2,'Naujoji Akmenė P. Jodelės g. 2F naujos statybos namas','Naujoji Akmenė P. Jodelės g. 2F naujos statybos namas','9c528dfa59c01fe0be4346ed4e2e53e01cff705f.jpeg',NULL,NULL,NULL,5,NULL,NULL),(210,2,'Naujoji Akmenė Beržyno g. mūrinis namas','Naujoji Akmenė Beržyno g. mūrinis namas','4bae71f485b96dea76e1e01a08a76cf3776dfeea.jpeg',NULL,NULL,NULL,6,NULL,NULL),(211,2,'Naujoji Akmenė Beržyno g. mūrinis namas','Naujoji Akmenė Beržyno g. mūrinis namas','a244d0ccc74a60e790473d37df1da399db3f9671.jpeg',NULL,NULL,NULL,6,NULL,NULL),(212,2,'Naujoji Akmenė Beržyno g. mūrinis namas','Naujoji Akmenė Beržyno g. mūrinis namas','9264aff6e1d01db6a035884418112a1f6c6ec16c.jpeg',NULL,NULL,NULL,6,NULL,NULL),(213,2,'Naujoji Akmenė Beržyno g. mūrinis namas','Kambarys 1 aukštas','6c19454c8fadd28f6f87b788fab68b5ac28d9981.jpeg',NULL,NULL,NULL,6,NULL,NULL),(214,2,'Naujoji Akmenė Beržyno g. mūrinis namas','Kambarys 1 aukštas','83a5cce2185b233031e1e970e741a75fffe0ce5e.jpeg',NULL,NULL,NULL,6,NULL,NULL),(215,2,'Naujoji Akmenė Beržyno g. mūrinis namas','Virtuvė 1 aukštas','bc781cf8762b073fc3fded6f55ab46236d00033d.jpeg',NULL,NULL,NULL,6,NULL,NULL),(216,2,'Naujoji Akmenė Beržyno g. mūrinis namas','Koridorius','eb586c087c90bb0cb29a5382ecce0c2a1a20caf1.jpeg',NULL,NULL,NULL,6,NULL,NULL),(217,2,'Naujoji Akmenė Beržyno g. mūrinis namas','Vonios kambarys','b365dbcbe8fbf0b5c445e6f04b7a6f5d9047906a.jpeg',NULL,NULL,NULL,6,NULL,NULL),(218,2,'Naujoji Akmenė Beržyno g. mūrinis namas','Laiptai į antrą aukštą','a96acde5c6f646d48a76e4e10390294e0fbdb7ff.jpeg',NULL,NULL,NULL,6,NULL,NULL),(219,2,'Naujoji Akmenė Beržyno g. mūrinis namas','Kambarys 2 aukštas','c69a2614da5335194b16b7a4a1610eaff32cd6e1.jpeg',NULL,NULL,NULL,6,NULL,NULL),(220,2,'Naujoji Akmenė Beržyno g. mūrinis namas','Kambarys 2 aukštas','deb8694331fa9423cbca81c065ca5c35386edffa.jpeg',NULL,NULL,NULL,6,NULL,NULL),(221,2,'Naujoji Akmenė Beržyno g. mūrinis namas','Virtuvė 2 aukštas','c112d2e3d087d09fb076a7142c7ea57137c73125.jpeg',NULL,NULL,NULL,6,NULL,NULL),(222,2,'Naujoji Akmenė Beržyno g. mūrinis namas','Kiemas su šiltnamiu','d27443d2463e176dd60bf8c42e4020d5d60c4c69.jpeg',NULL,NULL,NULL,6,NULL,NULL),(223,2,'Naujoji Akmenė Vegerių g. mūrinis namas','Naujoji Akmenė Vegerių g. mūrinis namas','40ead51499c8318a6d624f984060ee0a6c88287c.jpeg',NULL,NULL,NULL,7,NULL,NULL),(224,2,'Naujoji Akmenė Vegerių g. mūrinis namas','Naujoji Akmenė Vegerių g. mūrinis namas','7e208bc16b86004c0f0cc6b8816b8cf928a3b53b.jpeg',NULL,NULL,NULL,7,NULL,NULL),(225,2,'Naujoji Akmenė Vegerių g. mūrinis namas','Naujoji Akmenė Vegerių g. mūrinis namas','e3c4cf6499f47dc09f3ad4581a98ee8f4985f33a.jpeg',NULL,NULL,NULL,7,NULL,NULL),(226,2,'Naujoji Akmenė Vegerių g. mūrinis namas','Naujoji Akmenė Vegerių g. mūrinis namas','f12cb7dc0ad9bb129bc721e7600d44cdd6cd176d.jpeg',NULL,NULL,NULL,7,NULL,NULL),(227,2,'Naujoji Akmenė Vegerių g. mūrinis namas','Virtuvė','bcc87cf8f0b88dd423b9edaa6355dc51df945072.jpeg',NULL,NULL,NULL,7,NULL,NULL),(228,2,'Naujoji Akmenė Vegerių g. mūrinis namas','Garažas','fb92ec08eaa04f30b5d91595a9bd4c69ed17f4ce.jpeg',NULL,NULL,NULL,7,NULL,NULL),(229,2,'Naujoji Akmenė Vegerių g. mūrinis namas','Garažas','b089dd8d8c38c38ce5c3abae68e815c3576c667e.jpeg',NULL,NULL,NULL,7,NULL,NULL),(230,2,'Naujoji Akmenė Vegerių g. mūrinis namas','Naujoji Akmenė Vegerių g. mūrinis namas','b31bea8ab7eb6b83755aaf8933265e1db668880c.jpeg',NULL,NULL,NULL,7,NULL,NULL),(231,2,'Naujoji Akmenė Vegerių g. mūrinis namas','Naujoji Akmenė Vegerių g. mūrinis namas','5e621162e4076e139b03af956af3331cf9883f35.jpeg',NULL,NULL,NULL,7,NULL,NULL),(232,1,'Naujoji Akmenė P. Jodelės dviejų kambarių butas','Naujoji Akmenė P. Jodelės dviejų kambarių butas','d5bdf7bf9629708c88ae242d9ad24946471d3543.jpeg',18,NULL,NULL,7,NULL,NULL),(233,1,'Naujoji Akmenė P. Jodelės dviejų kambarių butas','Naujoji Akmenė P. Jodelės dviejų kambarių butas','0fbf2480e5b56e29c204e6b9d30717801343cb51.jpeg',18,NULL,NULL,NULL,NULL,NULL),(234,1,'Naujoji Akmenė P. Jodelės dviejų kambarių butas','Naujoji Akmenė P. Jodelės','15172dd06693dfff88532e5ddac2da82243c8a28.jpeg',18,NULL,NULL,NULL,NULL,NULL),(235,1,'Naujoji Akmenė P. Jodelės dviejų kambarių butas','Kambarys','aa4d80fc34a66dbcb23fe697b45e8a98132548f3.jpeg',18,NULL,NULL,NULL,NULL,NULL),(236,1,'Naujoji Akmenė P. Jodelės dviejų kambarių butas','Kambarys','bf080e5bcec4befb88bae393306eff129576af49.jpeg',18,NULL,NULL,NULL,NULL,NULL),(237,1,'Naujoji Akmenė P. Jodelės dviejų kambarių butas','Virtuvė','02dbae248a60b44e63f0bdcef38a7f53570303d8.jpeg',18,NULL,NULL,NULL,NULL,NULL),(238,1,'Naujoji Akmenė P. Jodelės dviejų kambarių butas','Virtuvė','848b899fa62f521c4a242a7c018d5e9cdbfa7f41.jpeg',18,NULL,NULL,NULL,NULL,NULL),(239,1,'Naujoji Akmenė P. Jodelės dviejų kambarių butas','Lauko durys','7625a1e7d24d955361e0d37d9dab29ddb95a876d.jpeg',18,NULL,NULL,NULL,NULL,NULL),(240,1,'Naujoji Akmenė P. Jodelės dviejų kambarių butas','Ūkinis pastatas kieme','0b9aa42c731b182cac6a50e0a77b42bc6e771a02.jpeg',18,NULL,NULL,NULL,NULL,NULL),(253,2,'Naujoji Akmenė P. Jodelės g. 2F naujos statybos namas','Naujoji Akmenė P. Jodelės g. 2F naujos statybos namas','0f1bd775a248e99c3602c05be8feafc63f569d61.jpeg',NULL,NULL,NULL,5,NULL,NULL),(255,2,'Naujoji Akmenė P. Jodelės g. 2F naujos statybos namas','Naujoji Akmenė P. Jodelės g. 2F naujos statybos namas','4e6ea033aef702cb198df672ab619763e9643729.jpeg',NULL,NULL,NULL,5,NULL,NULL),(256,2,'Naujoji Akmenė P. Jodelės g. 2F naujos statybos namas','Naujoji Akmenė P. Jodelės g. 2F naujos statybos namas','7cc657b9e656b704a6e73bc73dc7ba45930f21f5.jpeg',NULL,NULL,NULL,5,NULL,NULL),(257,2,'Naujoji Akmenė P. Jodelės g. 2F naujos statybos namas','Naujoji Akmenė P. Jodelės g. 2F naujos statybos namas','3a64216199dda1148778a23ca118e15d15ddb689.jpeg',NULL,NULL,NULL,5,NULL,NULL),(258,2,'Naujoji Akmenė P. Jodelės g. 2F naujos statybos namas','Vonios kambarys','f3b78fade3339295b99d27517352999ca5bbe7bb.jpeg',NULL,NULL,NULL,5,NULL,NULL),(266,5,'Naujoji Akmenė Žiemos g. gyvenamas namas','Naujoji Akmenė Žiemos g. gyvenamas namas','cc85b4b99eeb1d7efec10d9b6285839bb11f52f9.jpeg',NULL,NULL,NULL,NULL,2,NULL),(267,5,'Naujoji Akmenė Žiemos g. gyvenamas namas','Naujoji Akmenė Žiemos g. gyvenamas namas','aa4c273cab18e00963f72555f440f8319d34654d.jpeg',NULL,NULL,NULL,NULL,2,NULL),(268,5,'Naujoji Akmenė Žiemos g. gyvenamas namas','Naujoji Akmenė Žiemos g. gyvenamas namas','a39aea898ac03fbd968daab53c5f9efb047ffcc8.jpeg',NULL,NULL,NULL,NULL,2,NULL),(269,5,'Naujoji Akmenė Žiemos g. gyvenamas namas','Planas','1b730388e1aad772ee598726e6eb4021fe9b722e.jpeg',NULL,NULL,NULL,NULL,2,NULL),(270,5,'Naujoji Akmenė Žiemos g. gyvenamas namas','Namo planas','a4135cbbd2b3ca46cb786dd43537427732f90b9b.jpeg',NULL,NULL,NULL,NULL,2,NULL),(304,6,'Klaipėda, Kalotės k., 20 arų žemės sklypas','Klaipėda, Kalotės k., 20 arų žemės sklypas','d3ddf3dfbc5edfedfba80ab03a3f9f7d9c5dddb1.bmp',NULL,NULL,NULL,NULL,NULL,1),(305,6,'Klaipėda, Kalotės k., 20 arų žemės sklypas','Klaipėda, Kalotės k., 20 arų žemės sklypas','8ee90d009b040ca99320ed50ad356a71c286c2c8.bmp',NULL,NULL,NULL,NULL,NULL,1),(306,6,'Klaipėda, Kalotės k., 20 arų žemės sklypas','Klaipėda, Kalotės k., 20 arų žemės sklypas','9181308b630ccb0f998a4a7dc727f5681eb6e800.bmp',NULL,NULL,NULL,NULL,NULL,1),(307,6,'Klaipėda, Kalotės k., 20 arų žemės sklypas','Klaipėda, Kalotės k., 20 arų žemės sklypas','e837f4aebdc2150ab1d1a130388ce3735e5aadb7.bmp',NULL,NULL,NULL,NULL,NULL,1),(308,6,'Klaipėda, Kalotės k., 20 arų žemės sklypas','Klaipėda, Kalotės k., 20 arų žemės sklypas','eca8b71e20295bfe3b8540ff0d88086e65e29217.png',NULL,NULL,NULL,NULL,NULL,1),(309,6,'Naujoji Akmenė Suginčių g. 27 žemės sklypas','Naujoji Akmenė Suginčių g. 27 žemės sklypas','a3d486e00ad597c77177530c6046f28dd8535928.bmp',NULL,NULL,NULL,NULL,NULL,2),(310,6,'Naujoji Akmenė Suginčių g. 27 žemės sklypas','Naujoji Akmenė Suginčių g. 27 žemės sklypas','30659128014ff1b0018af7578bffe545e5f3b1cd.bmp',NULL,NULL,NULL,NULL,NULL,2),(311,6,'Naujoji Akmenė Suginčių g. 27 žemės sklypas','Naujoji Akmenė Suginčių g. 27 žemės sklypas','67a9761d22d8b6c1e2c1ed47b38698db7c318cb4.bmp',NULL,NULL,NULL,NULL,NULL,2),(312,6,'Naujoji Akmenė Suginčių g. 27 žemės sklypas','Naujoji Akmenė Suginčių g. 27 žemės sklypas','1809b0a5a18d03e2e86fabe6e240e084e566d466.bmp',NULL,NULL,NULL,NULL,NULL,2),(313,6,'Naujoji Akmenė Suginčių g. 27 žemės sklypas','Naujoji Akmenė Suginčių g. 27 žemės sklypas','3403eb27d3fa8feb9fb248291803ef90ce08b175.jpeg',NULL,NULL,NULL,NULL,NULL,2),(314,6,'Naujoji Akmenė Suginčių g. 27 žemės sklypas','Naujoji Akmenė Suginčių g. 27 žemės sklypas','52087fd6716273a270f328d67785a1f7ec0e31a3.jpeg',NULL,NULL,NULL,NULL,NULL,2),(315,6,'Naujoji Akmenė Suginčių g. 27 žemės sklypas','Naujoji Akmenė Suginčių g. 27 žemės sklypas','a787f1ce5daf5dd2f7ec29149c4217e827cf4660.jpeg',NULL,NULL,NULL,NULL,NULL,2),(316,6,'Naujoji Akmenė Suginčių g. 29 žemės sklypas','Naujoji Akmenė Suginčių g. 29 žemės sklypas','9e3402369ff5a0f138b9ee30384c642bd4c25b7b.bmp',NULL,NULL,NULL,NULL,NULL,3),(317,6,'Naujoji Akmenė Suginčių g. 29 žemės sklypas','Naujoji Akmenė Suginčių g. 29 žemės sklypas','2e10a02f971272878ff0e9cb8738842a6da13f38.bmp',NULL,NULL,NULL,NULL,NULL,3),(318,6,'Naujoji Akmenė Suginčių g. 29 žemės sklypas','Naujoji Akmenė Suginčių g. 29 žemės sklypas','e9dbfa53df8470d203c19200fc250466ffe0073d.bmp',NULL,NULL,NULL,NULL,NULL,3),(319,6,'Naujoji Akmenė Suginčių g. 29 žemės sklypas','Naujoji Akmenė Suginčių g. 29 žemės sklypas','f6523837b5a3cc77454095cd166e0ffaa3844b16.jpeg',NULL,NULL,NULL,NULL,NULL,3),(320,6,'Naujoji Akmenė Suginčių g. 29 žemės sklypas','Naujoji Akmenė Suginčių g. 29 žemės sklypas','35a57539a35b3df71fd60a4688b231d0f604c783.jpeg',NULL,NULL,NULL,NULL,NULL,3),(321,6,'Naujoji Akmenė Suginčių g. 29 žemės sklypas','Naujoji Akmenė Suginčių g. 29 žemės sklypas','542e98d6a090c8aba8426489995ce981e4da9ed3.jpeg',NULL,NULL,NULL,NULL,NULL,3),(322,6,'Mažeikių raj. Palnosų k. žemės ūkio paskirties sklypas','Mažeikių raj. Palnosų k. žemės ūkio paskirties sklypas','1065b52131f84162359029c3b219d197ffe1a930.bmp',NULL,NULL,NULL,NULL,NULL,4),(323,6,'Mažeikių raj. Palnosų k. žemės ūkio paskirties sklypas','Mažeikių raj. Palnosų k. žemės ūkio paskirties sklypas','d1f9a932e2a0a61295519989f468dbe538c7fc4a.bmp',NULL,NULL,NULL,NULL,NULL,4),(324,6,'Mažeikių raj. Palnosų k. žemės ūkio paskirties sklypas','Mažeikių raj. Palnosų k. žemės ūkio paskirties sklypas','75e5c5d0d3b04df2d30e622950f3b415ebf4693c.bmp',NULL,NULL,NULL,NULL,NULL,4),(325,6,'Mažeikių raj. Palnosų k. žemės ūkio paskirties sklypas','Mažeikių raj. Palnosų k. žemės ūkio paskirties sklypas','79ff5dfa75b7db314b03019f537455ff98aaf1a5.bmp',NULL,NULL,NULL,NULL,NULL,4),(326,6,'Mažeikių raj. Palnosų k. žemės ūkio paskirties sklypas','Mažeikių raj. Palnosų k. žemės ūkio paskirties sklypas','9a0b5955586c030e47ca2d7aac1f80f81e9d7675.bmp',NULL,NULL,NULL,NULL,NULL,4),(327,6,'Akmenė, Stoties g. žemės sklypas namo statybai','Akmenė, Stoties g. žemės sklypas namo statybai','0f9e155a05fc2eb8aec46bf21f35b0e561d36598.bmp',NULL,NULL,NULL,NULL,NULL,7),(328,6,'Akmenė, Stoties g. žemės sklypas namo statybai','Akmenė, Stoties g. žemės sklypas namo statybai','198db3152068b576802eea295ae40b76b7f3c434.bmp',NULL,NULL,NULL,NULL,NULL,7),(329,6,'Akmenė, Stoties g. žemės sklypas namo statybai','Akmenė, Stoties g. žemės sklypas namo statybai','02817646cae7f68026ec34278175350a513fb410.jpeg',NULL,NULL,NULL,NULL,NULL,7),(330,6,'Akmenė, Stoties g. žemės sklypas namo statybai','Akmenė, Stoties g. žemės sklypas namo statybai','c19a821889a912b1628a8e0b1f585568f2c9617d.jpeg',NULL,NULL,NULL,NULL,NULL,7),(331,6,'Akmenė, Stoties g. žemės sklypas namo statybai','Akmenė, Stoties g. žemės sklypas namo statybai','1ef87aa02b4ed3897bafc5311a170f06c633a64c.jpeg',NULL,NULL,NULL,NULL,NULL,7),(332,6,'Naujoji Akmenė, sodų bendrija „EIBUČIAI“ Lubinų g. sodas.','Naujoji Akmenė, sodų bendrija „EIBUČIAI“ Lubinų g. sodas.','f6e65522f7c88470d9a882cd223f8217453e4bd3.bmp',NULL,NULL,NULL,NULL,NULL,8),(333,6,'Naujoji Akmenė, sodų bendrija „EIBUČIAI“ Lubinų g. sodas.','Naujoji Akmenė, sodų bendrija „EIBUČIAI“ Lubinų g. sodas.','b06fc734df31893d1ecd1e24db9c02f4e97ddc1d.bmp',NULL,NULL,NULL,NULL,NULL,8),(334,6,'Naujoji Akmenė, sodų bendrija „EIBUČIAI“ Lubinų g. sodas.','Naujoji Akmenė, sodų bendrija „EIBUČIAI“ Lubinų g. sodas.','78b26c44dd725b2024eb39bc8ebfdff0f3813943.bmp',NULL,NULL,NULL,NULL,NULL,8),(335,6,'Naujoji Akmenė, sodų bendrija „EIBUČIAI“ Sodininkų g. sodas.','Naujoji Akmenė, sodų bendrija „EIBUČIAI“ Sodininkų g. sodas.','14148f4ca6a997e3e1a0fb864372d3331471995f.bmp',NULL,NULL,NULL,NULL,NULL,9),(336,6,'Naujoji Akmenė, sodų bendrija „EIBUČIAI“ Sodininkų g. sodas.','Naujoji Akmenė, sodų bendrija „EIBUČIAI“ Sodininkų g. sodas.','73e11b1f5f37194751f0035aa87f98103fae2bd8.bmp',NULL,NULL,NULL,NULL,NULL,9),(337,6,'Naujoji Akmenė, sodų bendrija „EIBUČIAI“ Sodininkų g. sodas.','Naujoji Akmenė, sodų bendrija „EIBUČIAI“ Sodininkų g. sodas.','56c6682d4402403dd06abda4f7424658f134271c.bmp',NULL,NULL,NULL,NULL,NULL,9),(338,6,'Naujoji Akmenė, sodų bendrija „RAMUČIAI“, Kalijų g. sodas','Naujoji Akmenė, sodų bendrija „RAMUČIAI“, Kalijų g. sodas','f069aa3b7bd1b20e49eeb27b841d2f0ee46bb7cc.bmp',NULL,NULL,NULL,NULL,NULL,10),(339,6,'Naujoji Akmenė, sodų bendrija „RAMUČIAI“, Kalijų g. sodas','Naujoji Akmenė, sodų bendrija „RAMUČIAI“, Kalijų g. sodas','f98dc080f190c0cde45d00e2e210a2d9d69d00e5.bmp',NULL,NULL,NULL,NULL,NULL,10),(340,6,'Naujoji Akmenė, sodų bendrija „RAMUČIAI“, Kalijų g. sodas','Naujoji Akmenė, sodų bendrija „RAMUČIAI“, Kalijų g. sodas','09b0a321ad47d0ef5faf21c8b229a919c501e68f.bmp',NULL,NULL,NULL,NULL,NULL,10),(341,6,'Klaipėdos raj. Trušelių k. Vorupėnų g. žemės sklypas','Klaipėdos raj. Trušelių k. Vorupėnų g. žemės sklypas','84b96edf2ae0ea59c6228b145825a9aa85bdf838.bmp',NULL,NULL,NULL,NULL,NULL,11),(342,6,'Klaipėdos raj. Trušelių k. Vorupėnų g. žemės sklypas','Klaipėdos raj. Trušelių k. Vorupėnų g. žemės sklypas','54edd33f56dc41bfc8103e7fd2994db51ac75117.bmp',NULL,NULL,NULL,NULL,NULL,11),(343,6,'Klaipėdos raj. Trušelių k. Vorupėnų g. žemės sklypas','Klaipėdos raj. Trušelių k. Vorupėnų g. žemės sklypas','aa0572a576722ce9895c491d588cc8a7c30be92e.bmp',NULL,NULL,NULL,NULL,NULL,11),(344,6,'Klaipėdos raj. Trušelių k. Vorupėnų g. žemės sklypas','Klaipėdos raj. Trušelių k. Vorupėnų g. žemės sklypas','e878e47d3e01cdcff751d875dc14ea07d84f6912.jpeg',NULL,NULL,NULL,NULL,NULL,11),(345,6,'Klaipėdos raj. Trušelių k. Vorupėnų g. žemės sklypas','Klaipėdos raj. Trušelių k. Vorupėnų g. žemės sklypas','fee9c30d79cf04cbf4f07d5253fa04b1ec025674.jpeg',NULL,NULL,NULL,NULL,NULL,11),(346,4,'Švenčionių raj. Daumilų k. miškas 7,09 ha','Švenčionių raj. Daumilų k. miškas 7,09 ha','8d20646f05abf447efbe3fcaf5b3901a1b956540.bmp',NULL,NULL,1,NULL,NULL,NULL),(347,4,'Švenčionių raj. Daumilų k. miškas 7,09 ha','Švenčionių raj. Daumilų k. miškas 7,09 ha','55ad6bd7925a9d9bb5a9ab27ae6d2b5ee5792ea9.bmp',NULL,NULL,1,NULL,NULL,NULL),(348,4,'Švenčionių raj. Daumilų k. miškas 7,09 ha','Švenčionių raj. Daumilų k. miškas 7,09 ha','8cc4f17d3a93b453ec699237d69d3b384b7f82ed.bmp',NULL,NULL,1,NULL,NULL,NULL),(349,4,'Telšių raj. Nerimdaičių mstl. miškas 6,2 ha','Telšių raj. Nerimdaičių mstl. miškas 6,2 ha','6154a1697296470d622d091f4c9f68662b36bbe3.bmp',NULL,NULL,2,NULL,NULL,NULL),(350,4,'Telšių raj. Nerimdaičių mstl. miškas 6,2 ha','Telšių raj. Nerimdaičių mstl. miškas 6,2 ha','228796882e2758ef2c4f5b8d4ca27967808370fb.bmp',NULL,NULL,2,NULL,NULL,NULL),(351,4,'Telšių raj. Nerimdaičių mstl. miškas 6,2 ha','Telšių raj. Nerimdaičių mstl. miškas 6,2 ha','4fbb9744a7b613f8032890bc76b333320b0e020b.bmp',NULL,NULL,2,NULL,NULL,NULL),(352,6,'Mažeikių raj. Giniočių k. (Židikų sen.) žemės ūkio paskirties sklypo 1/3 dalis','Mažeikių raj. Giniočių k. (Židikų sen.) žemės ūkio paskirties sklypo 1/3 dalis','8a368d72b3e0023ca858f0a3ec2521dc251a4b06.bmp',NULL,NULL,NULL,NULL,NULL,12),(353,6,'Mažeikių raj. Giniočių k. (Židikų sen.) žemės ūkio paskirties sklypo 1/3 dalis','Mažeikių raj. Giniočių k. (Židikų sen.) žemės ūkio paskirties sklypo 1/3 dalis','f58ea32a90dcd5bd9ff9a7a8eae3356ddd06fc3e.bmp',NULL,NULL,NULL,NULL,NULL,12),(354,6,'Mažeikių raj. Giniočių k. (Židikų sen.) žemės ūkio paskirties sklypo 1/3 dalis','Mažeikių raj. Giniočių k. (Židikų sen.) žemės ūkio paskirties sklypo 1/3 dalis','1e7b2d9df9c4f8474a7c02eb4bce3c79572db107.bmp',NULL,NULL,NULL,NULL,NULL,12),(355,6,'Kėdainių raj. Kutiškių k. žemės ūkio paskirties sklypas','Kėdainių raj. Kutiškių k. žemės ūkio paskirties sklypas','db2ca3fca328cbdba8cca2363f15c5fbcbe6166c.bmp',NULL,NULL,NULL,NULL,NULL,13),(356,6,'Kėdainių raj. Kutiškių k. žemės ūkio paskirties sklypas','Kėdainių raj. Kutiškių k. žemės ūkio paskirties sklypas','2996a66a1b93e83369a5a39610cd45eb868c5956.bmp',NULL,NULL,NULL,NULL,NULL,13),(357,6,'Kėdainių raj. Kutiškių k. žemės ūkio paskirties sklypas','Kėdainių raj. Kutiškių k. žemės ūkio paskirties sklypas','6fbc5978d93113b0706051163889c19206127107.bmp',NULL,NULL,NULL,NULL,NULL,13),(358,6,'Kėdainių raj. Kutiškių k. žemės ūkio paskirties sklypas','Kėdainių raj. Kutiškių k. žemės ūkio paskirties sklypas','62915805449efcc1232794e1718061fe3b3a603b.jpeg',NULL,NULL,NULL,NULL,NULL,13),(359,1,'Naujoji Akmenė Respublikos g. 18 dviejų kambarių butas','Naujoji Akmenė Respublikos g. 18 dviejų kambarių butas','2a24e9c61be7a375e38f07b10cf9997a3fc91654.jpeg',19,NULL,NULL,NULL,NULL,NULL),(360,1,'Naujoji Akmenė Respublikos g. 18 dviejų kambarių butas','Naujoji Akmenė Respublikos g. 18 dviejų kambarių butas','a95e98e88dbe49bb0caa7f331fc57eb123d7b7f7.jpeg',19,NULL,NULL,NULL,NULL,NULL),(361,1,'Naujoji Akmenė Respublikos g. 18 dviejų kambarių butas','Naujoji Akmenė Respublikos g. 18 dviejų kambarių butas','e1eb851b2da4aeaa4cc62354d81db22c984f25f1.jpeg',19,NULL,NULL,NULL,NULL,NULL),(362,1,'Naujoji Akmenė Respublikos g. 18 dviejų kambarių butas','Naujoji Akmenė Respublikos g. 18 dviejų kambarių butas','8bae9b732d975f8e894cb1a1e6138eb1c40d9b9b.jpeg',19,NULL,NULL,NULL,NULL,NULL),(363,1,'Naujoji Akmenė Respublikos g. 18 dviejų kambarių butas','Naujoji Akmenė Respublikos g. 18 dviejų kambarių butas','8b5ca910eff6acf0e171e6574824292df3ccff7d.jpeg',19,NULL,NULL,NULL,NULL,NULL),(364,6,'Klaipėdos raj. Pipirų k. žemės ūkio paskirties sklypas 1,95 ha','Klaipėdos raj. Pipirų k. žemės ūkio paskirties sklypas 1,95 ha','463f5854f589da68f31ac9ab0f4e9a1e6344c7b1.bmp',NULL,NULL,NULL,NULL,NULL,14),(365,6,'Klaipėdos raj. Pipirų k. žemės ūkio paskirties sklypas 1,95 ha','Klaipėdos raj. Pipirų k. žemės ūkio paskirties sklypas 1,95 ha','4b60788c40abbb24301a127e64d3809936a8dafa.bmp',NULL,NULL,NULL,NULL,NULL,14),(366,6,'Klaipėdos raj. Pipirų k. žemės ūkio paskirties sklypas 1,95 ha','Klaipėdos raj. Pipirų k. žemės ūkio paskirties sklypas 1,95 ha','ddda118586344165af5fe6b68cdbbeb7306ed99d.bmp',NULL,NULL,NULL,NULL,NULL,14),(367,6,'Klaipėdos raj. Pipirų k. žemės ūkio paskirties sklypas 3 ha','Klaipėdos raj. Pipirų k. žemės ūkio paskirties sklypas 3 ha','8e83fae05cb759f15954f54ec066657083786d1f.bmp',NULL,NULL,NULL,NULL,NULL,15),(368,6,'Klaipėdos raj. Pipirų k. žemės ūkio paskirties sklypas 3 ha','Klaipėdos raj. Pipirų k. žemės ūkio paskirties sklypas 3 ha','65dd95a74ff1546abcc169d8fb6205db46a297e5.bmp',NULL,NULL,NULL,NULL,NULL,15),(369,6,'Klaipėdos raj. Pipirų k. žemės ūkio paskirties sklypas 3 ha','Klaipėdos raj. Pipirų k. žemės ūkio paskirties sklypas 3 ha','234678e2e8f5ed839eaa45a09027be8be5137a34.bmp',NULL,NULL,NULL,NULL,NULL,15),(370,6,'Klaipėdos raj. Potrų k., žemės sklypas 0,81 ha','Klaipėdos raj. Potrų k., žemės sklypas 0,81 ha','babc41164ce1ec704653050d9fd4c1e8fb1db187.png',NULL,NULL,NULL,NULL,NULL,16),(372,6,'Klaipėdos raj. Potrų k., žemės sklypas 0,81 ha','Klaipėdos raj. Potrų k., žemės sklypas 0,81 ha','d44df9cfef3f88d3805ed7b8e3c23a32d2adda65.png',NULL,NULL,NULL,NULL,NULL,16),(373,6,'Klaipėdos raj. Potrų k., žemės sklypas 0,81 ha','Klaipėdos raj. Potrų k., žemės sklypas 0,81 ha','c61dce597d20eac62808595d56fe2cae044375a8.png',NULL,NULL,NULL,NULL,NULL,16),(374,6,'Skuodo raj. Palegijos k. ½ žemės ūkio paskirties sklypo','Skuodo raj. Palegijos k. ½ žemės ūkio paskirties sklypo','ca6eee42b4862aa0d76297465d4da527e52ffb57.bmp',NULL,NULL,NULL,NULL,NULL,17),(375,6,'Skuodo raj. Palegijos k. ½ žemės ūkio paskirties sklypo','Skuodo raj. Palegijos k. ½ žemės ūkio paskirties sklypo','b46e358b509615fe7e9bfbe7f0c8626e2fd77fdf.bmp',NULL,NULL,NULL,NULL,NULL,17),(376,6,'Skuodo raj. Palegijos k. ½ žemės ūkio paskirties sklypo','Skuodo raj. Palegijos k. ½ žemės ūkio paskirties sklypo','7e8143b697751797bdb91b57efc0fccbdb7997ed.bmp',NULL,NULL,NULL,NULL,NULL,17),(377,6,'Skuodo raj. Palegijos k. ½ žemės ūkio paskirties sklypo','Skuodo raj. Palegijos k. ½ žemės ūkio paskirties sklypo','ffacff373ea41e596e6b3d9000d4becd25d11def.jpeg',NULL,NULL,NULL,NULL,NULL,17),(378,6,'Mažeikių raj. Bučiškės k. žemės ūkio paskirties sklypas 5,7 ha','Mažeikių raj. Bučiškės k. žemės ūkio paskirties sklypas 5,7 ha','14a02943126855a8beb4acb8eafc3eb7cd252349.bmp',NULL,NULL,NULL,NULL,NULL,18),(379,6,'Mažeikių raj. Bučiškės k. žemės ūkio paskirties sklypas 5,7 ha','Mažeikių raj. Bučiškės k. žemės ūkio paskirties sklypas 5,7 ha','81542379bf22fa7267525468396642552b78c8be.bmp',NULL,NULL,NULL,NULL,NULL,18),(380,6,'Mažeikių raj. Bučiškės k. žemės ūkio paskirties sklypas 5,7 ha','Mažeikių raj. Bučiškės k. žemės ūkio paskirties sklypas 5,7 ha','43deb44ad30d1ffe79c0c49e1bdc10bc73948859.bmp',NULL,NULL,NULL,NULL,NULL,18),(381,6,'Akmenės raj. Alkiškių k. žemės ūkio paskirties sklypas 0,20 ha','Akmenės raj. Alkiškių k. žemės ūkio paskirties sklypas 0,20 ha','d5798e79ee8ec413cf0ba3bb9d078a77ed8f8e68.bmp',NULL,NULL,NULL,NULL,NULL,19),(382,6,'Akmenės raj. Alkiškių k. žemės ūkio paskirties sklypas 0,20 ha','Akmenės raj. Alkiškių k. žemės ūkio paskirties sklypas 0,20 ha','095cd1da6dbb3e62dbbf434e4f119aeea4f99600.bmp',NULL,NULL,NULL,NULL,NULL,19),(383,6,'Akmenės raj. Alkiškių k. žemės ūkio paskirties sklypas 0,20 ha','Akmenės raj. Alkiškių k. žemės ūkio paskirties sklypas 0,20 ha','de754107bb00c8cdea0361b686912e815690600f.bmp',NULL,NULL,NULL,NULL,NULL,19),(384,6,'Akmenės raj. Vėlaičių k., žemės ūkio paskirties sklypas 1,69 ha','Akmenės raj. Vėlaičių k., žemės ūkio paskirties sklypas 1,69 ha','5a48e3ea4fca65cc3b8c91635f412eb601cfa9b0.bmp',NULL,NULL,NULL,NULL,NULL,20),(385,6,'Akmenės raj. Vėlaičių k., žemės ūkio paskirties sklypas 1,69 ha','Akmenės raj. Vėlaičių k., žemės ūkio paskirties sklypas 1,69 ha','75e1cc80c6565eb56c4278703b78d0776c1acf2a.bmp',NULL,NULL,NULL,NULL,NULL,20),(386,6,'Akmenės raj. Vėlaičių k., žemės ūkio paskirties sklypas 1,69 ha','Akmenės raj. Vėlaičių k., žemės ūkio paskirties sklypas 1,69 ha','82101a0a86488d8c5a4876b050a86831edaacbbd.bmp',NULL,NULL,NULL,NULL,NULL,20),(387,6,'Akmenės raj., Vėlaičių k., žemės ūkio paskirties sklypas 0,79 ha','Akmenės raj., Vėlaičių k., žemės ūkio paskirties sklypas 0,79 ha','dea66e22b841808e0bc66837f2da9a4ceaca4108.bmp',NULL,NULL,NULL,NULL,NULL,21),(388,6,'Akmenės raj., Vėlaičių k., žemės ūkio paskirties sklypas 0,79 ha','Akmenės raj., Vėlaičių k., žemės ūkio paskirties sklypas 0,79 ha','3fb192bcba5f0d92ee2da52e1c3aebc934fdaf23.bmp',NULL,NULL,NULL,NULL,NULL,21),(390,6,'Akmenės raj., Vėlaičių k., žemės ūkio paskirties sklypas 0,79 ha','Akmenės raj., Vėlaičių k., žemės ūkio paskirties sklypas 0,79 ha','55eed6e44eeccd9f902745ea30786cef0854bd2d.jpeg',NULL,NULL,NULL,NULL,NULL,21),(391,6,'Akmenės raj., Vėlaičių k., žemės ūkio paskirties sklypas 0,79 ha','Akmenės raj., Vėlaičių k., žemės ūkio paskirties sklypas 0,79 ha','d6de1cecaa88ca80833f2357752f510e87e301be.bmp',NULL,NULL,NULL,NULL,NULL,21),(392,6,'Akmenės raj., Ramučių k., žemės ūkio paskirties sklypas 1,08 ha','Akmenės raj., Ramučių k., žemės ūkio paskirties sklypas 1,08 ha','e2fee58c28be42644ebd426596870093f11e3854.bmp',NULL,NULL,NULL,NULL,NULL,22),(393,6,'Akmenės raj., Ramučių k., žemės ūkio paskirties sklypas 1,08 ha','Akmenės raj., Ramučių k., žemės ūkio paskirties sklypas 1,08 ha','33ccb76f2dd9e60833ca977c5684687dc955a26a.bmp',NULL,NULL,NULL,NULL,NULL,22),(394,6,'Akmenės raj., Ramučių k., žemės ūkio paskirties sklypas 1,08 ha','Akmenės raj., Ramučių k., žemės ūkio paskirties sklypas 1,08 ha','9bdcb920134ed79ea223de0fc8b325b2065c6661.bmp',NULL,NULL,NULL,NULL,NULL,22),(395,6,'Akmenės raj. Tilžės k., žemės ūkio paskirties sklypas 1,21 ha','Akmenės raj. Tilžės k., žemės ūkio paskirties sklypas 1,21 ha','f5462651d05e1acf1b6398b40d970e136452bfe4.bmp',NULL,NULL,NULL,NULL,NULL,23),(396,6,'Akmenės raj. Tilžės k., žemės ūkio paskirties sklypas 1,21 ha','Akmenės raj. Tilžės k., žemės ūkio paskirties sklypas 1,21 ha','5ee0ed758b68b5b1975b9dbd64342edf46f2bec5.bmp',NULL,NULL,NULL,NULL,NULL,23),(397,6,'Akmenės raj. Tilžės k., žemės ūkio paskirties sklypas 1,21 ha','Akmenės raj. Tilžės k., žemės ūkio paskirties sklypas 1,21 ha','3472fa620fd4edb726869dee8b1ef90e270b29c3.bmp',NULL,NULL,NULL,NULL,NULL,23),(398,6,'Akmenės raj. Tilžės k., žemės ūkio paskirties sklypas 1,21 ha','Akmenės raj. Tilžės k., žemės ūkio paskirties sklypas 1,21 ha','f16a3406837c4ff7bf6f59345c921b9a63336e8e.jpeg',NULL,NULL,NULL,NULL,NULL,23),(399,6,'Plungės raj. Pauošnių k., žemės ūkio paskirties sklypas 1,68 ha','Plungės raj. Pauošnių k., žemės ūkio paskirties sklypas 1,68 ha','93621e909e6ee9961d54b89b4b9ae7d2f2d76ba0.bmp',NULL,NULL,NULL,NULL,NULL,24),(400,6,'Plungės raj. Pauošnių k., žemės ūkio paskirties sklypas 1,68 ha','Plungės raj. Pauošnių k., žemės ūkio paskirties sklypas 1,68 ha','9f31f2740c2547de6c50f940cc3623668ce0f27d.bmp',NULL,NULL,NULL,NULL,NULL,24),(401,6,'Plungės raj. Pauošnių k., žemės ūkio paskirties sklypas 1,68 ha','Plungės raj. Pauošnių k., žemės ūkio paskirties sklypas 1,68 ha','f44b2962d92ef9c0fabb91621b74aa34b6c866b0.bmp',NULL,NULL,NULL,NULL,NULL,24),(402,6,'Plungės raj. Pauošnių k., žemės ūkio paskirties sklypas 1,68 ha','Plungės raj. Pauošnių k., žemės ūkio paskirties sklypas 1,68 ha','ab4da8cd198e5e244029ba00f6ecf8b0c1bbbded.jpeg',NULL,NULL,NULL,NULL,NULL,24),(404,6,'Plungės raj. Pauošnių k., žemės ūkio paskirties sklypas 2,61 ha','Plungės raj. Pauošnių k., žemės ūkio paskirties sklypas 2,61 ha','5bd472a99bdc3aaa7f9e3987201a7689240943ef.bmp',NULL,NULL,NULL,NULL,NULL,25),(405,6,'Plungės raj. Pauošnių k., žemės ūkio paskirties sklypas 2,61 ha','Plungės raj. Pauošnių k., žemės ūkio paskirties sklypas 2,61 ha','4614d13a44e1e973f572e56ec4d386c88f98a426.bmp',NULL,NULL,NULL,NULL,NULL,25),(406,6,'Plungės raj. Pauošnių k., žemės ūkio paskirties sklypas 2,61 ha','Plungės raj. Pauošnių k., žemės ūkio paskirties sklypas 2,61 ha','5fdf764fdb7f1a7a437841699abfd5d28585dd67.bmp',NULL,NULL,NULL,NULL,NULL,25),(407,6,'Plungės raj. Pauošnių k., žemės ūkio paskirties sklypas 2,61 ha','Plungės raj. Pauošnių k., žemės ūkio paskirties sklypas 2,61 ha','3b6a453a897f16b0642fbc5ec2dc1d86bac583d3.bmp',NULL,NULL,NULL,NULL,NULL,25),(408,6,'Plungės raj. Pauošnių k., žemės ūkio paskirties sklypas 6,27 ha','Plungės raj. Pauošnių k., žemės ūkio paskirties sklypas 6,27 ha','6765fd8339a896b3a1077af1252b5729f83f89b5.bmp',NULL,NULL,NULL,NULL,NULL,26),(409,6,'Plungės raj. Pauošnių k., žemės ūkio paskirties sklypas 6,27 ha','Plungės raj. Pauošnių k., žemės ūkio paskirties sklypas 6,27 ha','c994acf44fba3a4d83926ee594e9cd4c8beb5f88.bmp',NULL,NULL,NULL,NULL,NULL,26),(410,6,'Plungės raj. Pauošnių k., žemės ūkio paskirties sklypas 6,27 ha','Plungės raj. Pauošnių k., žemės ūkio paskirties sklypas 6,27 ha','338f93db03ffe1805e1ec08e3b6a9a7d663f20ce.bmp',NULL,NULL,NULL,NULL,NULL,26),(411,6,'Plungės raj. Pauošnių k., žemės ūkio paskirties sklypas 6,27 ha','Plungės raj. Pauošnių k., žemės ūkio paskirties sklypas 6,27 ha','d1bddc8ae7aaef1b374ca141bea0bbbc3de7dfd1.jpeg',NULL,NULL,NULL,NULL,NULL,26),(412,6,'Plungės raj. Pauošnių k., žemės ūkio paskirties sklypas 0,81 ha','Plungės raj. Pauošnių k., žemės ūkio paskirties sklypas 0,81 ha','99586840ead67715ad8bbe3535b1bfdc40978731.bmp',NULL,NULL,NULL,NULL,NULL,27),(413,6,'Plungės raj. Pauošnių k., žemės ūkio paskirties sklypas 0,81 ha','Plungės raj. Pauošnių k., žemės ūkio paskirties sklypas 0,81 ha','20918d827ec6862dd53e4837a4d0292e13c7a96e.bmp',NULL,NULL,NULL,NULL,NULL,27),(414,6,'Plungės raj. Pauošnių k., žemės ūkio paskirties sklypas 0,81 ha','Plungės raj. Pauošnių k., žemės ūkio paskirties sklypas 0,81 ha','65fc00d32fb58dea2c3dd4c327caafdeb15a8415.bmp',NULL,NULL,NULL,NULL,NULL,27),(415,6,'Plungės raj. Pauošnių k., žemės ūkio paskirties sklypas 0,81 ha','Plungės raj. Pauošnių k., žemės ūkio paskirties sklypas 0,81 ha','ba109244e4b018fbf5fba34683ad0f356aed7249.bmp',NULL,NULL,NULL,NULL,NULL,27),(416,6,'Rietavo sav. Maldučių k. žemės ūkio paskirties sklypas 1,66 ha','Rietavo sav. Maldučių k. žemės ūkio paskirties sklypas 1,66 ha','2a033fe84e69cf5718ef369f699af0d91ebf1450.bmp',NULL,NULL,NULL,NULL,NULL,28),(417,6,'Rietavo sav. Maldučių k. žemės ūkio paskirties sklypas 1,66 ha','Rietavo sav. Maldučių k. žemės ūkio paskirties sklypas 1,66 ha','c262853959384de559e13cb3ab9c998aa24bacb0.bmp',NULL,NULL,NULL,NULL,NULL,28),(418,6,'Rietavo sav. Maldučių k. žemės ūkio paskirties sklypas 1,66 ha','Rietavo sav. Maldučių k. žemės ūkio paskirties sklypas 1,66 ha','444a84700ce30e4f3fd808fbeba69235b2788cc3.bmp',NULL,NULL,NULL,NULL,NULL,28),(419,1,'Naujoji Akmenė V. Kudirkos g. 7, dviejų kambarių butas','Naujoji Akmenė V. Kudirkos g. 7, dviejų kambarių butas','ff81d313ecf9b6457142fd8063110a75ac134e69.jpeg',20,NULL,NULL,NULL,NULL,NULL),(421,1,'Naujoji Akmenė V. Kudirkos g. 7, dviejų kambarių butas','Naujoji Akmenė V. Kudirkos g. 7, dviejų kambarių butas','fbd4d0b0e153bc1bc8f48cf1e7d3669c9455563f.jpeg',20,NULL,NULL,NULL,NULL,NULL),(422,1,'Naujoji Akmenė V. Kudirkos g. 7, dviejų kambarių butas','Naujoji Akmenė V. Kudirkos g. 7, dviejų kambarių butas','c28f409e9f7b3a10364ff3a5cc841e89f1ce4c98.jpeg',20,NULL,NULL,NULL,NULL,NULL),(423,1,'Naujoji Akmenė V. Kudirkos g. 7, dviejų kambarių butas','Naujoji Akmenė V. Kudirkos g. 7, dviejų kambarių butas','405d648e6a3e9a78365d4fd4fc931658befce7d8.jpeg',20,NULL,NULL,NULL,NULL,NULL),(424,1,'Naujoji Akmenė V. Kudirkos g. 7, dviejų kambarių butas','Naujoji Akmenė V. Kudirkos g. 7, dviejų kambarių butas','afff6289c95cddcf7a6f0106e42c14c169a16a08.jpeg',20,NULL,NULL,NULL,NULL,NULL),(425,1,'Naujoji Akmenė V. Kudirkos g. 7, dviejų kambarių butas','Naujoji Akmenė V. Kudirkos g. 7, dviejų kambarių butas','213035ed1d26d83355ee9e9a0ab707a2da74f116.jpeg',20,NULL,NULL,NULL,NULL,NULL),(426,1,'Naujoji Akmenė V. Kudirkos g. 7, dviejų kambarių butas','Naujoji Akmenė V. Kudirkos g. 7, dviejų kambarių butas','c5b0c40f7d620b4972c2f389d56798b9e4116174.jpeg',20,NULL,NULL,NULL,NULL,NULL),(427,1,'Naujoji Akmenė V. Kudirkos g. 7, dviejų kambarių butas','Naujoji Akmenė V. Kudirkos g. 7, dviejų kambarių butas','a48fcd1432d934ecbd06cda601cfb8194c1ab20b.jpeg',20,NULL,NULL,NULL,NULL,NULL),(428,1,'Naujoji Akmenė V. Kudirkos g. 7, dviejų kambarių butas','Naujoji Akmenė V. Kudirkos g. 7, dviejų kambarių butas','7ae0e2ec066d38237f1a91020e22f8e74dff620b.jpeg',20,NULL,NULL,NULL,NULL,NULL),(429,1,'Naujoji Akmenė V. Kudirkos g. 7, dviejų kambarių butas','Naujoji Akmenė V. Kudirkos g. 7, dviejų kambarių butas','7a87d541ba32a5a5895b2750ae276086bc53876c.jpeg',20,NULL,NULL,NULL,NULL,NULL),(430,1,'Naujoji Akmenė Respublikos g. 18 vieno kambario butas','Naujoji Akmenė Respublikos g. 18 vieno kambario butas','f38a1b5c78661fbcbf0a985e7c422cb62a42ff15.jpeg',17,NULL,NULL,NULL,NULL,NULL),(431,1,'Naujoji Akmenė Respublikos g. 18 vieno kambario butas','Naujoji Akmenė Respublikos g. 18 vieno kambario butas','df4a3d66bf0958006f0fb8161f8c61dad2212146.jpeg',17,NULL,NULL,NULL,NULL,NULL),(432,1,'Naujoji Akmenė Respublikos g. 18 vieno kambario butas','Naujoji Akmenė Respublikos g. 18 vieno kambario butas','9e2a73f9645a79ca24f309ae5c313c810bb90446.jpeg',17,NULL,NULL,NULL,NULL,NULL),(433,1,'Naujoji Akmenė Respublikos g. 18 vieno kambario butas','Naujoji Akmenė Respublikos g. 18 vieno kambario butas','907efcede3c69466a3dc825c18b4a3cd2a239836.jpeg',17,NULL,NULL,NULL,NULL,NULL),(438,1,'Naujoji Akmenė Taikos g. 4A trijų kambarių butas','Naujoji Akmenė Taikos g. 4A trijų kambarių butas','03a8e3d7c0a79934af3d456355e3292770f27fa0.jpeg',23,NULL,NULL,NULL,NULL,NULL),(439,1,'Naujoji Akmenė Taikos g. 4A trijų kambarių butas','Naujoji Akmenė Taikos g. 4A trijų kambarių butas','915c2ecb04f3158ad04bfb696096f0d7db00dcbd.jpeg',23,NULL,NULL,NULL,NULL,NULL),(440,1,'Naujoji Akmenė Taikos g. 4A trijų kambarių butas','Naujoji Akmenė Taikos g. 4A trijų kambarių butas','612cf08e179843768153096edd3181446aae9fd6.jpeg',23,NULL,NULL,NULL,NULL,NULL),(441,1,'Naujoji Akmenė Taikos g. 4A trijų kambarių butas','Naujoji Akmenė Taikos g. 4A trijų kambarių butas','69765df23b31dd49d1b11339bf85400aa854bace.jpeg',23,NULL,NULL,NULL,NULL,NULL),(442,1,'Naujoji Akmenė Taikos g. 4A trijų kambarių butas','Naujoji Akmenė Taikos g. 4A trijų kambarių butas','85052d8aee153b45b55342dcff94e90589b85a1c.jpeg',23,NULL,NULL,NULL,NULL,NULL),(443,1,'Naujoji Akmenė Taikos g. 4A trijų kambarių butas','Naujoji Akmenė Taikos g. 4A trijų kambarių butas','337bdd374b2f5174666dd99bd7148e7ec450c31a.jpeg',23,NULL,NULL,NULL,NULL,NULL),(444,1,'Naujoji Akmenė Taikos g. 4A trijų kambarių butas','Naujoji Akmenė Taikos g. 4A trijų kambarių butas','318fd33226162648a1c6e56ba8f2fe2e96a720c6.jpeg',23,NULL,NULL,NULL,NULL,NULL),(445,1,'Naujoji Akmenė Taikos g. 4A trijų kambarių butas','Naujoji Akmenė Taikos g. 4A trijų kambarių butas','f13eda103e670917b0a8861a1995c940c9811b3e.jpeg',23,NULL,NULL,NULL,NULL,NULL),(446,1,'Naujoji Akmenė Taikos g. 4A trijų kambarių butas','Naujoji Akmenė Taikos g. 4A trijų kambarių butas','ca6a351e262205dd1c76a6643e94e2dd57c652b5.jpeg',23,NULL,NULL,NULL,NULL,NULL),(447,1,'Naujoji Akmenė Taikos g. 4A trijų kambarių butas','Naujoji Akmenė Taikos g. 4A trijų kambarių butas','36e8cd695f7a7fd1790b9fedf00a485748fa54a2.jpeg',23,NULL,NULL,NULL,NULL,NULL),(448,1,'Naujoji Akmenė V. Kudirkos 10 dviejų kambarių butas.','Naujoji Akmenė V. Kudirkos 10 dviejų kambarių butas.','7fe8a17810a81c5044db37af45a03ffbe3b5cd36.jpeg',24,NULL,NULL,NULL,NULL,NULL),(449,1,'Naujoji Akmenė V. Kudirkos 10 dviejų kambarių butas.','Naujoji Akmenė V. Kudirkos 10 dviejų kambarių butas.','c17fa14b8fc538d0f07a718270ba3e843cb55382.jpeg',24,NULL,NULL,NULL,NULL,NULL),(450,1,'Naujoji Akmenė V. Kudirkos 10 dviejų kambarių butas.','Naujoji Akmenė V. Kudirkos 10 dviejų kambarių butas.','23352a69d50e6b0182bdd20054cf77941f6d8a22.jpeg',24,NULL,NULL,NULL,NULL,NULL),(451,1,'Naujoji Akmenė V. Kudirkos 10 dviejų kambarių butas.','Naujoji Akmenė V. Kudirkos 10 dviejų kambarių butas.','d4853f6e1c00845906015c56da8b92ac166cca20.jpeg',24,NULL,NULL,NULL,NULL,NULL),(452,1,'Naujoji Akmenė V. Kudirkos 10 dviejų kambarių butas.','Naujoji Akmenė V. Kudirkos 10 dviejų kambarių butas.','62321b4feb0e141561c5d08302c30bdbe0cf0275.jpeg',24,NULL,NULL,NULL,NULL,NULL),(453,1,'Naujoji Akmenė V. Kudirkos 10 dviejų kambarių butas.','Naujoji Akmenė V. Kudirkos 10 dviejų kambarių butas.','c7d1551ca46da2ed6bf2b55413a0e0345bff770a.jpeg',24,NULL,NULL,NULL,NULL,NULL),(454,1,'Naujoji Akmenė V. Kudirkos 10 dviejų kambarių butas.','Naujoji Akmenė V. Kudirkos 10 dviejų kambarių butas.','bc32466397f9a46f5c054dd94fc6ce826dd49185.jpeg',24,NULL,NULL,NULL,NULL,NULL),(455,1,'Naujoji Akmenė V. Kudirkos 10 dviejų kambarių butas.','Naujoji Akmenė V. Kudirkos 10 dviejų kambarių butas.','32449cca8e3236e3c5589ff0b9e0aa0d9f895435.jpeg',24,NULL,NULL,NULL,NULL,NULL),(456,1,'Naujoji Akmenė V. Kudirkos 10 dviejų kambarių butas.','Naujoji Akmenė V. Kudirkos 10 dviejų kambarių butas.','df1ed2b76fba1e6fdd2ce3236187d97c8169db71.jpeg',24,NULL,NULL,NULL,NULL,NULL),(457,1,'Naujoji Akmenė V. Kudirkos 10 dviejų kambarių butas.','Naujoji Akmenė V. Kudirkos 10 dviejų kambarių butas.','ddfc5611f54dee86f4642f96aa9973fba13085ec.jpeg',24,NULL,NULL,NULL,NULL,NULL),(458,1,'Naujoji Akmenė V. Kudirkos 10 dviejų kambarių butas.','Naujoji Akmenė V. Kudirkos 10 dviejų kambarių butas.','e75e3368b237a045483c97c19c8aee800786639c.jpeg',24,NULL,NULL,NULL,NULL,NULL),(459,1,'Naujoji Akmenė V. Kudirkos 10 dviejų kambarių butas.','Naujoji Akmenė V. Kudirkos 10 dviejų kambarių butas.','aa25af6dd0471bc157ed76aa0ced79af2cf3d9b6.jpeg',24,NULL,NULL,NULL,NULL,NULL),(460,1,'Naujoji Akmenė V. Kudirkos 22 dviejų kambarių butas','Naujoji Akmenė V. Kudirkos 22 dviejų kambarių butas','32fd4ed6dbe1acc97075f83ed81060d283a90951.jpeg',25,NULL,NULL,NULL,NULL,NULL),(461,1,'Naujoji Akmenė V. Kudirkos 22 dviejų kambarių butas','Naujoji Akmenė V. Kudirkos 22 dviejų kambarių butas','42730b6efc82f479d57753165db023c501393a4c.jpeg',25,NULL,NULL,NULL,NULL,NULL),(462,1,'Naujoji Akmenė V. Kudirkos 22 dviejų kambarių butas','Naujoji Akmenė V. Kudirkos 22 dviejų kambarių butas','1ee716d0f495d505812fab454d9dbfd752ec4a37.jpeg',25,NULL,NULL,NULL,NULL,NULL),(463,1,'Naujoji Akmenė V. Kudirkos 22 dviejų kambarių butas','Naujoji Akmenė V. Kudirkos 22 dviejų kambarių butas','c8882ad4108ba5b6a9b0a99efc104866d1e4f8e5.jpeg',25,NULL,NULL,NULL,NULL,NULL),(464,1,'Naujoji Akmenė V. Kudirkos 22 dviejų kambarių butas','Naujoji Akmenė V. Kudirkos 22 dviejų kambarių butas','708e7cb33b839a1514247d88c59e43e4932005c0.jpeg',25,NULL,NULL,NULL,NULL,NULL),(465,1,'Naujoji Akmenė V. Kudirkos 22 dviejų kambarių butas','Naujoji Akmenė V. Kudirkos 22 dviejų kambarių butas','f22d6b5e2de6796030fd94782a69867610973087.jpeg',25,NULL,NULL,NULL,NULL,NULL),(466,1,'Naujoji Akmenė V. Kudirkos 22 dviejų kambarių butas','Naujoji Akmenė V. Kudirkos 22 dviejų kambarių butas','730a4298290575ceb8e688671c9bba9af80e34d4.jpeg',25,NULL,NULL,NULL,NULL,NULL),(467,1,'Naujoji Akmenė V. Kudirkos 22 dviejų kambarių butas','Naujoji Akmenė V. Kudirkos 22 dviejų kambarių butas','fc288bad529d784146003a6a4419987e56f7524a.jpeg',25,NULL,NULL,NULL,NULL,NULL),(468,1,'Naujoji Akmenė V. Kudirkos 22 dviejų kambarių butas','Naujoji Akmenė V. Kudirkos 22 dviejų kambarių butas','9dd0ade6fb52daa2843fb352dce0db24cc2af72a.jpeg',25,NULL,NULL,NULL,NULL,NULL),(469,1,'Naujoji Akmenė V. Kudirkos 22 dviejų kambarių butas','Naujoji Akmenė V. Kudirkos 22 dviejų kambarių butas','601214bb3faab4364d7526ba4d62264e83d99269.jpeg',25,NULL,NULL,NULL,NULL,NULL);
/*!40000 ALTER TABLE `image` ENABLE KEYS */;
UNLOCK TABLES;

--
-- Table structure for table `land`
--

DROP TABLE IF EXISTS `land`;
/*!40101 SET @saved_cs_client     = @@character_set_client */;
/*!40101 SET character_set_client = utf8 */;
CREATE TABLE `land` (
  `id` int(11) NOT NULL AUTO_INCREMENT,
  `square` float NOT NULL,
  `address` varchar(255) COLLATE utf8_unicode_ci NOT NULL,
  `price` float NOT NULL,
  `description` longtext COLLATE utf8_unicode_ci,
  `reserved` int(11) NOT NULL,
  `active` int(11) NOT NULL,
  `title` varchar(255) COLLATE utf8_unicode_ci NOT NULL,
  `country_id` int(11) DEFAULT NULL,
  `city_id` int(11) DEFAULT NULL,
  PRIMARY KEY (`id`),
  KEY `IDX_A800D5D8F92F3E70` (`country_id`),
  KEY `IDX_A800D5D88BAC62AF` (`city_id`),
  CONSTRAINT `FK_A800D5D88BAC62AF` FOREIGN KEY (`city_id`) REFERENCES `city` (`id`),
  CONSTRAINT `FK_A800D5D8F92F3E70` FOREIGN KEY (`country_id`) REFERENCES `country` (`id`)
) ENGINE=InnoDB AUTO_INCREMENT=29 DEFAULT CHARSET=utf8 COLLATE=utf8_unicode_ci;
/*!40101 SET character_set_client = @saved_cs_client */;

--
-- Dumping data for table `land`
--

LOCK TABLES `land` WRITE;
/*!40000 ALTER TABLE `land` DISABLE KEYS */;
INSERT INTO `land` VALUES (1,0.2,'Klaipėda, Kalotės k.',54000,'Klaipėdos raj. Kalotės kaime strategiškai geroje vietoje parduodamas komercinės paskirties 20 arų sklypas. Sklypas randasi 13,5 km iki Palangos bei Kretingos, 9,3 km iki Klaipėdos centro ir 10 km iki Jakų žiedo. Sklypas yra Palanga-Klaipėda ir Klaipėda-Kretinga kelių sankirtoje; jis taip pat ribojasi su degalinė „Apoil“. Sklype yra padaryta nuovaža iš automagistralės Palanga-Klaipėda; numatytas komunikacijų pajungimas iš šalia esančios degalinės. Detaliame plane numatyta paskirtis prekybos, paslaugų bei pramogų objektų statyboms. Statinio numatytas aukštis 11 m, teritorijos užstatymo intensyvumas 0,5, užstatymo tankis 0,25. Sukurtoje teritorijos vizijoje numatytos apie 200 kv.m. ploto prekybos-sandėliavimo patalpos iš lengvųjų metalo konstrukcijų, bei parkavimo ir ekspozicijos zonos. Numatoma projekto sąmata – apie 150 000 Lt. Įgyvendinus šį projektą jūs gausite naujas prekybos-sandėliavimo patalpas savo veiklos plėtrai arba nuomai strategiškai geroje vietoje už patrauklią kainą. Nuomos atveju projekto metinė grąža sudarys apie 8 proc. Kaina – 185 000 Lt / 54 000 eurų',1,1,'Klaipėda, Kalotės k., 20 arų žemės sklypas',1,2),(2,0.15,'Naujoji Akmenė Suginčių g. 27',7300,'N. Akmenėje, Suginčių g. 27 parduodamas 0,1500 ha žemės sklypas, mažaaukščių gyvenamųjų namų statybai. Geras privažiavimas. Kadastrinis Nr. 3233/0006:510, našumo balas 41,4. Kaina – 25000 Lt/7300 eurų.',1,1,'Naujoji Akmenė Suginčių g. 27 žemės sklypas',1,1),(3,0.15,'Naujoji Akmenė Suginčių g. 29',2800,'N. Akmenėje, Suginčių g. 29 parduodamas 0,1500 ha žemės sklypas, mažaaukščių gyvenamųjų namų statybai. Geras privažiavimas. Kadastro Nr. 3233/0006:511, našumo balas 41,4. Kaina – 13000 Lt/3800 eurų.',1,1,'Naujoji Akmenė Suginčių g. 29 žemės sklypas',1,1),(4,0.42,'Mažeikių raj. Palnosų k.',4300,'Mažeikių rajone Palnosų kaime prie pagrindinio kelio Mažeikiai – Šiauliai  parduodamas 0,42 ha žemės ūkio paskirties sklypas. Kaina – 5700 Lt / 4300 eurų',1,1,'Mažeikių raj. Palnosų k. žemės ūkio paskirties sklypas',1,NULL),(7,6.22,'Akmenė, Stoties g.',2900,'Akmenės mieste Stoties g. parduodamas 6,22 aro žemės sklypas namo statybai. Gera vieta, netoli miesto centro, aplink gyvenami namai. Sklype išliko senojo namo pamatai, yra senųjų statinių dokumentai. Kaina – 10000 Lt / 2900 eurų',1,1,'Akmenė, Stoties g. žemės sklypas namo statybai',1,6),(8,6,'Naujoji Akmenė, sodų bendrija „EIBUČIAI“ Lubinų g.',300,'Sodų bendrijoje „EIBUČIAI“ (Naujoji Akmenė) Lubinų gatvėje parduodamas 6 arų sodas. Pirkėjas pasidaro geodezinius matavimus. Kaina – 850 Lt / 300 eurų',1,1,'Naujoji Akmenė, sodų bendrija „EIBUČIAI“ Lubinų g. sodas.',1,1),(9,6,'Naujoji Akmenė, sodų bendrija „EIBUČIAI“ Sodininkų g.',900,'Sodų bendrijoje „RAMUČIAI“ (Naujoji Akmenė) Sodininkų g. parduodamas 6 arų sodas. Sodo sklypas ribojasi su asfaltuotu keliu. Galima statyti gyvenamą namą; šalia yra elektra. Šioje ir šalia esančioje sodų bendrijoje jau pastatyti keli gyvenami namai. Kaina – 2800 Lt / 900 eurų',1,1,'Naujoji Akmenė, sodų bendrija „EIBUČIAI“ Sodininkų g. sodas.',1,1),(10,6,'Naujoji Akmenė, sodų bendrija „RAMUČIAI“, Kalijų g.',900,'Sodų bendrijoje „RAMUČIAI“ (Naujoji Akmenė) parduodamas 6 arų sodas, galima statyti gyvenamą namą, šalia visos komunikacijos, elektra. Bendrijos teritorijoje jau stovi du gyvenamieji namai. Kaina – 2800 Lt / 900 eurų',1,1,'Naujoji Akmenė, sodų bendrija „RAMUČIAI“, Kalijų g. sodas',1,1),(11,0.102,'Klaipėdos raj. Trušelių k. Vorupėnų g.',10000,'Klaipėdos rajone Trušelių kaime Vorupėnų gatvėje parduodamas 0,1022ha žemės sklypas mažaaukščių  namų statybai. Unikalus Nr. 4400-1057-7036. Kaina – 10000 eurų.',1,1,'Klaipėdos raj. Trušelių k. Vorupėnų g. žemės sklypas',1,2),(12,0.53,'Mažeikių raj. Giniočių k. (Židikų sen.)',1100,'Mažeikių r. sav. Židikų sen. Giniočių kaime parduodama viena trečioji (0,53 ha) bendro žemės ūkio paskirties sklypo (1,60 ha) dalis; našumo balas 38. 1 ha/7000 Lt.  Kadastrinis Nr. 6134/0008:265 Pikelių k. v. Kaina – 3710 Lt / 1100 eurų',1,1,'Mažeikių raj. Giniočių k. (Židikų sen.) žemės ūkio paskirties sklypo 1/3 dalis',1,NULL),(13,0.48,'Kėdainių raj. Kutiškių k.',1700,'Kėdainių rajono Kutiškių kaime parduodamas 0,4800 ha žemės ūkio paskirties sklypas, našumo balas 60. Kadastrinis Nr. 5325/0004:63 Kalnaberžės k.v. Kaina 5200 Lt / 1700 eurų',1,1,'Kėdainių raj. Kutiškių k. žemės ūkio paskirties sklypas',1,NULL),(14,1.95,'Klaipėdos raj. Pipirų k.',17400,'Kleipėdos raj. Pipirų kaime parduodamas žemės ūkio paskirties sklypas 1,95 ha. Sklypas randasi atokiau nuo Pipirų kaimo labai gražioje ramioje vietoje. Jis ribojasi su mišku, netoliese teka upelis. Geras privažiavimas. Sklypas yra taisyklingos formos; randasi geltonoje zonoje pagal strateginį teritorijų planą. Našumo balas 46. Kaina – 60000 Lt / 17400 eurų.',1,1,'Klaipėdos raj. Pipirų k. žemės ūkio paskirties sklypas 1,95 ha',1,2),(15,3,'Klaipėdos raj. Pipirų k.',20300,'Kleipėdos raj. Pipirų kaime parduodamas žemės ūkio paskirties sklypas 3 ha. Sklypas yra labai gražioje ir ramioje vietoje, ant kalno. Jis ribojasi su mišku, netoliese teka Danės upė. Sklype galima ūkininko sodybos statyba; yra gauti visi leidimai. Kaina – 70000 Lt / 20300 eurų',1,1,'Klaipėdos raj. Pipirų k. žemės ūkio paskirties sklypas 3 ha',1,2),(16,0.81,'Klaipėdos raj. Potrų k.',11600,'Klaipėdos raj. Potrų kaime parduodamas priklausantis geltonai zonai žemės sklypas 0,81 ha. Sklypas puikiai tinka sodybai statyti, geras privažiavimas, labai graži ir rami aplinka. Sklypas ribojasi su Rąžės upeliu. Kaina – 40000 Lt / 11600 eurų.',1,1,'Klaipėdos raj. Potrų k., žemės sklypas 0,81 ha',1,2),(17,1.26,'Skuodo raj. Palegijos k.',2650,'Skuodo raj. Palegijos kaime parduodama ½ (1,26 ha) žemės  ūkio paskirties sklypo (2,52 ha) dalis; našumo balas 54. 1 ha / 7000 Lt. Kadastrinis Nr. 7520/0004:112 Lenkimų  k.v. Kaina – 8820 Lt / 2650 eurų.',1,1,'Skuodo raj. Palegijos k. ½ žemės ūkio paskirties sklypo',1,NULL),(18,5.7,'Mažeikių raj. Bučiškės k.',16500,'Mažeikių raj. Bučiškės kaime (Židikų sen.) parduodamas 5,7 ha žemės ūkio paskirties sklypas; našumo balas 35. Sklypas yra netoli Mažeikių naftos. Geras privažiavimas. Šiuo metu pieva. Kadastrinis Nr. 6134/0005:85 Pikelių k.v. 1 ha / 10000 Lt. Galima sklypo nuoma. Kaina – 57000 lt / 16500 eurų.',1,1,'Mažeikių raj. Bučiškės k. žemės ūkio paskirties sklypas 5,7 ha',1,NULL),(19,0.2,'Akmenės raj. Alkiškių k.',1000,'Netoli Naujosios Akmenės Alkiškių k. parduodamas 0,20 ha žemės ūkio paskirties sklypas, našumo balas – 49.9. Žemės sklypas tinkamas saulės kolektorių montavimui/ šalia sklypo yra transformatorinė pastotė. Kadastrinis Nr. 3203/0001:232 Alkiškių k.v. Kaina – 3000 Lt / 1000 eurų.',1,1,'Akmenės raj. Alkiškių k. žemės ūkio paskirties sklypas 0,20 ha',1,1),(20,1.69,'Akmenės raj. Vėlaičių k.',4500,'Akmenės raj. Vėlaičių kaime (N. Akmenės kaimiškoji sen.) parduodamas 1,69 ha žemės ūkio paskirties sklypas, našumo balas 49.6. 1 ha/9000 lt. Kadastrinis Nr. 3243/0006:154 Ramučių  k.v. Galima sklypo nuoma. Kaina – 15210 Lt / 4500 eurų',1,1,'Akmenės raj. Vėlaičių k., žemės ūkio paskirties sklypas 1,69 ha',1,1),(21,0.79,'Akmenės raj., Vėlaičių k.',2100,'Akmenės raj. Vėlaičių kaime (N. Akmenės kaimiškoji sen.) parduodamas 0,79 ha žemės ūkio paskirties sklypas, našumo balas 45.6. 1 ha/9000 lt. Kadastrinis Nr. 3243/0006:155 Ramučių  k.v. Kaina – 7110 Lt / 2100 eurų',1,1,'Akmenės raj., Vėlaičių k., žemės ūkio paskirties sklypas 0,79 ha',1,1),(22,1.08,'Akmenės raj., Ramučių k.',4100,'Akmenės raj. Ramučių kaime (N. Akmenės kaimiškoji sen.) parduodamas 1,08 ha žemės ūkio paskirties sklypas, našumo balas 45,4. 1 ha/9000 lt. Kadastrinis Nr. 3203/0007:57 Alkiškių k.v. Galima sklypo nuoma. Kaina – 14000 Lt / 4100 eurų',1,1,'Akmenės raj., Ramučių k., žemės ūkio paskirties sklypas 1,08 ha',1,1),(23,1.21,'Akmenės raj. Tilžės k.',3250,'Akmenės raj. Tilžės kaime (N. Akmenės kaimiškoji sen.) parduodamas 1,21 ha žemės ūkio paskirties sklypas, našumo balas 41,0. 1 ha/9000 lt. Kadastrinis Nr. 3243/0001:500 Ramučių  k.v.  Galima sklypo nuoma. Kaina – 11200 Lt / 3250 eurų',1,1,'Akmenės raj. Tilžės k., žemės ūkio paskirties sklypas 1,21 ha',1,1),(24,1.68,'Plungės raj. Pauošnių k.',1950,'Plungės raj. Pauošnių kaime (Babrungo seniūnija) parduodamas žemės ūkio paskirties sklypas 1,68 ha. Našumo balas 32,1. 1 ha / 4000 lt. Kadastrinis Nr. 6810/0004:80 Didvyčio k.v. Kaina – 6720 Lt / 1950 eurų.',1,1,'Plungės raj. Pauošnių k., žemės ūkio paskirties sklypas 1,68 ha',1,NULL),(25,2.61,'Plungės raj. Pauošnių k.',3000,'Plungės raj. Pauošnių k. (Babrungo seniūnija) parduodamas žemės ūkio paskirties sklypas 2,61 ha. Našumo balas 20,8. 1 ha / 4000 lt. Kadastrinis Nr. 6810/0004:160 Didvyčio k.v. Kaina – 10440 Lt / 3000 eurų.',1,1,'Plungės raj. Pauošnių k., žemės ūkio paskirties sklypas 2,61 ha',1,NULL),(26,6.27,'Plungės raj. Užupių k.',7300,'Plungės raj. Užupių k. (Babrungo seniūnija) parduodamas žemės ūkio paskirties sklypas 6,27 ha. Našumo balas 17,3. Kadastrinis Nr. 6810/0003:38 Didvyčio k.v. 1 ha / 4000 lt. Kaina – 25080 Lt / 7300 eurų.',1,1,'Plungės raj. Užupių k., žemės ūkio paskirties sklypas 6,27 ha',1,NULL),(27,0.81,'Plungės raj. Užupių k.',939,'Plungės raj. Užupių k. (Babrungo seniūnija) parduodamas žemės ūkio paskirties sklypas 0,81 ha. Našumo balas 19,6. Kadastrinis Nr. 6810/0003:259 Didvyčio k.v. 1 ha / 4000 lt. Kaina – 3240 Lt / 939 eurų.',1,1,'Plungės raj. Užupių k., žemės ūkio paskirties sklypas 0,81 ha',1,NULL),(28,1.66,'Rietavo sav. Maldučių k.',3400,'Rietavo savivaldybėje Maldučių kaime parduodamas 1,66 ha žemės ūkio paskirties sklypas. Sklypas ribojasi su mišku. Pagal Europos Sąjungos programą yra galimybė atsodinti mišką. Našumo balas 29. 1 ha / 7000 Lt. Kadastrinis Nr. 6860/0005:102 Sauslaukio k.v. Kaina – 11620 Lt / 3400 eurų.',1,1,'Rietavo sav. Maldučių k. žemės ūkio paskirties sklypas 1,66 ha',1,NULL);
/*!40000 ALTER TABLE `land` ENABLE KEYS */;
UNLOCK TABLES;

--
-- Table structure for table `owner`
--

DROP TABLE IF EXISTS `owner`;
/*!40101 SET @saved_cs_client     = @@character_set_client */;
/*!40101 SET character_set_client = utf8 */;
CREATE TABLE `owner` (
  `id` int(11) NOT NULL AUTO_INCREMENT,
  `name` varchar(255) COLLATE utf8_unicode_ci NOT NULL,
  PRIMARY KEY (`id`)
) ENGINE=InnoDB AUTO_INCREMENT=7 DEFAULT CHARSET=utf8 COLLATE=utf8_unicode_ci;
/*!40101 SET character_set_client = @saved_cs_client */;

--
-- Dumping data for table `owner`
--

LOCK TABLES `owner` WRITE;
/*!40000 ALTER TABLE `owner` DISABLE KEYS */;
INSERT INTO `owner` VALUES (1,'Apartment'),(2,'Commerce'),(3,'Forest'),(4,'Home'),(5,'Homestead'),(6,'Land');
/*!40000 ALTER TABLE `owner` ENABLE KEYS */;
UNLOCK TABLES;

--
-- Table structure for table `post`
--

DROP TABLE IF EXISTS `post`;
/*!40101 SET @saved_cs_client     = @@character_set_client */;
/*!40101 SET character_set_client = utf8 */;
CREATE TABLE `post` (
  `id` int(11) NOT NULL AUTO_INCREMENT,
  `name` varchar(255) COLLATE utf8_unicode_ci NOT NULL,
  `email` varchar(255) COLLATE utf8_unicode_ci NOT NULL,
  `phone` varchar(255) COLLATE utf8_unicode_ci NOT NULL,
  `text` longtext COLLATE utf8_unicode_ci NOT NULL,
  `path` varchar(255) COLLATE utf8_unicode_ci NOT NULL,
  PRIMARY KEY (`id`)
) ENGINE=InnoDB DEFAULT CHARSET=utf8 COLLATE=utf8_unicode_ci;
/*!40101 SET character_set_client = @saved_cs_client */;

--
-- Dumping data for table `post`
--

LOCK TABLES `post` WRITE;
/*!40000 ALTER TABLE `post` DISABLE KEYS */;
/*!40000 ALTER TABLE `post` ENABLE KEYS */;
UNLOCK TABLES;
/*!40103 SET TIME_ZONE=@OLD_TIME_ZONE */;

/*!40101 SET SQL_MODE=@OLD_SQL_MODE */;
/*!40014 SET FOREIGN_KEY_CHECKS=@OLD_FOREIGN_KEY_CHECKS */;
/*!40014 SET UNIQUE_CHECKS=@OLD_UNIQUE_CHECKS */;
/*!40101 SET CHARACTER_SET_CLIENT=@OLD_CHARACTER_SET_CLIENT */;
/*!40101 SET CHARACTER_SET_RESULTS=@OLD_CHARACTER_SET_RESULTS */;
/*!40101 SET COLLATION_CONNECTION=@OLD_COLLATION_CONNECTION */;
/*!40111 SET SQL_NOTES=@OLD_SQL_NOTES */;

-- Dump completed on 2014-12-04 13:16:55
